0:0,0:1,0:2,0:3,0:4,0:5,0:6,1:0,1:1,1:2,1:3,1:4,1:5,1:6,2:0,2:1,2:2,2:3,2:4,2:5,2:6,3:0,3:1,3:2,3:3,3:4,3:5,3:6,4:0,4:1,4:2,4:3,4:4,4:5,4:6,5:0,5:1,5:2,5:3,5:4,5:5,5:6,move
.,.,.,.,.,.,.,.,.,.,.,.,.,.,.,.,.,.,.,.,.,.,.,.,.,.,.,.,.,.,.,.,.,.,.,.,.,.,.,.,.,.,I5
.,.,.,.,.,.,.,.,.,.,.,.,.,.,.,.,.,.,.,.,.,.,.,.,.,.,.,.,.,.,.,.,.,.,.,.,.,.,.,O,.,.,I5
.,.,.,.,.,.,.,.,.,.,.,.,.,.,.,.,.,.,.,.,.,.,.,.,.,.,.,.,.,.,.,.,X,.,.,.,.,.,.,O,.,.,I2
.,.,.,.,.,.,.,.,.,.,.,.,.,.,.,.,.,.,.,.,.,.,.,.,.,.,.,.,.,.,.,.,X,.,.,.,O,.,.,O,.,.,I3
.,.,.,.,.,.,.,.,.,.,.,.,.,.,.,.,.,.,.,.,.,.,.,.,.,.,.,.,.,.,.,.,X,.,.,.,O,X,.,O,.,.,I5
.,.,.,.,.,.,.,.,.,.,.,.,.,.,.,.,.,.,.,.,.,.,.,.,.,O,.,.,.,.,.,.,X,.,.,.,O,X,.,O,.,.,I7
.,.,.,.,.,.,.,.,.,.,.,.,.,.,.,.,.,.,.,.,.,.,.,.,.,O,.,.,.,.,.,.,X,.,.,.,O,X,.,O,.,X,I5
.,.,.,.,.,.,.,.,.,.,.,.,.,.,.,.,.,.,O,.,.,.,.,.,.,O,.,.,.,.,.,.,X,.,.,.,O,X,.,O,.,X,I4
.,.,.,.,.,.,.,.,.,.,.,.,.,.,.,.,.,.,O,.,.,.,.,.,.,O,.,.,.,.,.,.,X,.,.,.,O,X,X,O,.,X,I7
.,.,.,.,.,.,.,.,.,.,.,.,.,.,.,.,.,.,O,.,.,.,.,.,.,O,.,.,.,.,.,.,X,.,O,.,O,X,X,O,.,X,R7
.,.,.,.,.,.,.,.,.,.,.,.,.,.,.,.,.,.,O,.,.,.,.,.,.,O,.,.,.,.,.,.,X,.,.,.,O,X,X,O,.,O,R7
.,.,.,.,.,.,.,.,.,.,.,.,.,.,.,.,.,.,O,.,.,.,.,.,.,O,.,.,.,.,.,.,X,.,.,.,O,X,X,O,.,.,I5
.,.,.,.,.,.,.,.,.,.,.,X,.,.,.,.,.,.,O,.,.,.,.,.,.,O,.,.,.,.,.,.,X,.,.,.,O,X,X,O,.,.,R5
.,.,.,.,.,.,.,.,.,.,.,.,.,.,.,.,.,.,X,.,.,.,.,.,.,O,.,.,.,.,.,.,O,.,.,.,O,X,X,X,.,.,I3
.,.,.,.,.,.,.,.,.,.,.,.,.,.,.,.,.,.,X,.,.,.,.,.,.,O,.,.,.,.,X,.,O,.,.,.,O,X,X,X,.,.,I4
.,.,.,.,.,.,.,.,.,.,.,.,.,.,.,.,.,.,X,.,.,.,.,.,.,O,.,.,.,.,X,O,O,.,.,.,O,X,X,X,.,.,I7
.,.,.,.,.,.,.,.,.,.,.,.,.,.,.,.,.,.,X,.,.,.,.,.,.,O,.,.,.,.,X,O,O,.,.,.,O,X,X,X,.,X,I5
.,.,.,.,.,.,.,.,.,.,.,O,.,.,.,.,.,.,X,.,.,.,.,.,.,O,.,.,.,.,X,O,O,.,.,.,O,X,X,X,.,X,I5
.,.,.,.,X,.,.,.,.,.,.,O,.,.,.,.,.,.,X,.,.,.,.,.,.,O,.,.,.,.,X,O,O,.,.,.,O,X,X,X,.,X,I7
.,.,.,.,X,.,.,.,.,.,.,O,.,.,.,.,.,.,X,.,.,.,.,.,.,O,.,.,.,.,X,O,O,.,O,.,O,X,X,X,.,X,I4
.,.,.,.,X,.,.,.,.,.,.,O,.,.,.,.,.,.,X,.,.,.,.,.,X,O,.,.,.,.,X,O,O,.,O,.,O,X,X,X,.,X,I3
.,.,.,.,X,.,.,.,.,.,.,O,.,.,.,.,.,.,X,.,.,.,.,O,X,O,.,.,.,.,X,O,O,.,O,.,O,X,X,X,.,X,I2
.,.,.,.,X,.,.,.,.,.,.,O,.,.,.,.,.,.,X,.,.,.,.,O,X,O,.,.,.,X,X,O,O,.,O,.,O,X,X,X,.,X,R2
.,.,.,.,.,.,.,.,.,.,.,.,.,.,.,.,.,.,.,.,.,.,.,.,.,.,.,.,.,.,.,.,.,.,.,.,.,.,.,.,.,.,I5
.,.,.,.,.,.,.,.,.,.,.,.,.,.,.,.,.,.,.,.,.,.,.,.,.,.,.,.,.,.,.,.,.,.,.,.,.,.,.,O,.,.,I4
.,.,.,.,.,.,.,.,.,.,.,.,.,.,.,.,.,.,.,.,.,.,.,.,.,.,.,.,.,.,.,.,.,.,.,.,.,.,X,O,.,.,R5
.,.,.,.,.,.,.,.,.,.,.,.,.,.,.,.,.,.,.,.,.,.,.,.,.,.,.,.,.,.,.,.,.,.,.,.,.,.,X,.,.,.,I3
.,.,.,.,.,.,.,.,.,.,.,.,.,.,.,.,.,.,.,.,.,.,.,.,.,.,.,.,.,.,.,.,.,.,.,.,.,X,X,.,.,.,I2
.,.,.,.,.,.,.,.,.,.,.,.,.,.,.,.,.,.,.,.,.,.,.,.,.,.,.,.,.,.,.,.,.,.,.,.,O,X,X,.,.,.,I6
.,.,.,.,.,.,.,.,.,.,.,.,.,.,.,.,.,.,.,.,.,.,.,.,.,.,.,.,.,.,.,.,.,.,.,.,O,X,X,.,X,.,I6
.,.,.,.,.,.,.,.,.,.,.,.,.,.,.,.,.,.,.,.,.,.,.,.,.,.,.,.,.,.,.,.,.,O,.,.,O,X,X,.,X,.,I7
.,.,.,.,.,.,.,.,.,.,.,.,.,.,.,.,.,.,.,.,.,.,.,.,.,.,.,.,.,.,.,.,.,O,.,.,O,X,X,.,X,X,I7
.,.,.,.,.,.,.,.,.,.,.,.,.,.,.,.,.,.,.,.,.,.,.,.,.,.,.,.,.,.,.,.,.,O,O,.,O,X,X,.,X,X,I6
.,.,.,.,.,.,.,.,.,.,.,.,.,.,.,.,.,.,.,.,.,.,.,.,.,.,X,.,.,.,.,.,.,O,O,.,O,X,X,.,X,X,I3
.,.,.,.,.,.,.,.,.,.,.,.,.,.,.,.,.,.,.,.,.,.,.,.,.,.,X,.,.,.,O,.,.,O,O,.,O,X,X,.,X,X,I6
.,.,.,.,.,.,.,.,.,.,.,.,.,.,.,.,.,.,.,X,.,.,.,.,.,.,X,.,.,.,O,.,.,O,O,.,O,X,X,.,X,X,R2
.,.,.,.,.,.,.,.,.,.,.,.,.,.,.,.,.,.,.,X,.,.,.,.,.,.,X,.,.,.,O,.,.,O,O,.,.,X,X,.,X,X,I7
.,.,.,.,.,.,.,.,.,.,.,.,.,.,.,.,.,.,.,X,.,.,.,.,.,.,X,X,.,.,O,.,.,O,O,.,.,X,X,.,X,X,I4
.,.,.,.,.,.,.,.,.,.,.,.,.,.,.,.,.,.,.,X,.,.,.,.,.,.,X,X,.,.,O,O,.,O,O,.,.,X,X,.,X,X,I1
.,.,.,.,.,.,.,.,.,.,.,.,.,.,.,.,.,.,.,X,.,.,.,.,.,.,X,X,.,.,O,O,.,O,O,X,.,X,X,.,X,X,I5
.,.,.,.,.,.,.,.,.,.,.,.,.,.,.,.,.,.,.,X,.,.,.,.,.,.,X,X,.,.,O,O,.,O,O,X,.,X,X,O,X,X,I7
.,.,.,.,.,.,.,.,.,.,.,.,.,.,.,.,.,.,.,X,X,.,.,.,.,.,X,X,.,.,O,O,.,O,O,X,.,X,X,O,X,X,I7
.,.,.,.,.,.,.,.,.,.,.,.,.,O,.,.,.,.,.,X,X,.,.,.,.,.,X,X,.,.,O,O,.,O,O,X,.,X,X,O,X,X,R7
.,.,.,.,.,.,.,.,.,.,.,.,.,.,.,.,.,.,.,X,O,.,.,.,.,.,X,X,.,.,O,O,.,O,X,X,.,X,X,O,X,O,I2
.,.,.,.,.,.,.,.,.,.,.,.,.,.,.,.,.,.,.,X,O,.,.,.,.,.,X,X,.,.,O,O,.,O,X,X,O,X,X,O,X,O,I5
.,.,.,.,.,.,.,.,.,.,.,.,.,.,.,.,.,.,.,X,O,.,.,.,.,.,X,X,.,.,O,O,X,O,X,X,O,X,X,O,X,O,R5
.,.,.,.,.,.,.,.,.,.,.,.,.,.,.,.,.,.,.,.,.,.,.,.,.,.,.,.,.,.,.,.,.,.,.,.,.,.,.,.,.,.,I6
.,.,.,.,.,.,.,.,.,.,.,.,.,.,.,.,.,.,.,.,.,.,.,.,.,.,.,.,.,.,.,.,.,.,.,.,.,.,.,.,O,.,I6
.,.,.,.,.,.,.,.,.,.,.,.,.,.,.,.,.,.,.,.,.,.,.,.,.,.,.,.,.,.,.,.,.,X,.,.,.,.,.,.,O,.,I5
.,.,.,.,.,.,.,.,.,.,.,.,.,.,.,.,.,.,.,.,.,.,.,.,.,.,.,.,.,.,.,.,.,X,.,.,.,.,.,O,O,.,I6
.,.,.,.,.,.,.,.,.,.,.,.,.,.,.,.,.,.,.,.,.,.,.,.,.,.,X,.,.,.,.,.,.,X,.,.,.,.,.,O,O,.,I6
.,.,.,.,.,.,.,.,.,.,.,.,.,.,.,.,.,.,.,O,.,.,.,.,.,.,X,.,.,.,.,.,.,X,.,.,.,.,.,O,O,.,I7
.,.,.,.,.,.,.,.,.,.,.,.,.,.,.,.,.,.,.,O,.,.,.,.,.,.,X,.,.,.,.,.,.,X,.,.,.,.,.,O,O,X,I4
.,.,.,.,.,.,.,.,.,.,.,.,.,.,.,.,.,.,.,O,.,.,.,.,.,.,X,.,.,.,.,.,.,X,.,.,.,.,O,O,O,X,R7
.,.,.,.,.,.,.,.,.,.,.,.,.,.,.,.,.,.,.,O,.,.,.,.,.,.,X,.,.,.,.,.,.,X,.,.,.,.,O,O,O,.,I4
.,.,.,.,.,.,.,.,.,.,.,.,.,.,.,.,.,.,.,O,.,.,.,.,.,.,X,.,.,.,.,O,.,X,.,.,.,.,O,O,O,.,I4
.,.,.,.,.,.,.,.,.,.,.,.,.,.,.,.,.,.,.,O,.,.,.,.,X,.,X,.,.,.,.,O,.,X,.,.,.,.,O,O,O,.,I5
.,.,.,.,.,.,.,.,.,.,.,.,.,.,.,.,.,.,.,O,.,.,.,.,X,.,X,.,.,.,.,O,O,X,.,.,.,.,O,O,O,.,I7
.,.,.,.,.,.,.,.,.,.,.,.,.,.,.,.,.,.,.,O,.,.,.,.,X,.,X,.,.,.,.,O,O,X,.,.,.,.,O,O,O,X,I5
.,.,.,.,.,.,.,.,.,.,.,.,.,.,.,.,.,.,.,O,.,.,.,.,X,O,X,.,.,.,.,O,O,X,.,.,.,.,O,O,O,X,I5
.,.,.,.,.,.,.,.,.,.,.,.,.,.,.,.,.,.,X,O,.,.,.,.,X,O,X,.,.,.,.,O,O,X,.,.,.,.,O,O,O,X,I7
.,.,.,.,.,.,.,.,.,.,.,.,.,.,.,.,.,.,X,O,.,.,.,.,X,O,X,.,.,.,.,O,O,X,O,.,.,.,O,O,O,X,R7
.,.,.,.,.,.,.,.,.,.,.,.,.,.,.,.,.,.,.,.,.,.,.,.,.,.,.,.,.,.,.,.,.,.,.,.,.,.,.,.,.,.,I7
.,.,.,.,.,.,.,.,.,.,.,.,.,.,.,.,.,.,.,.,.,.,.,.,.,.,.,.,.,.,.,.,.,.,.,.,.,.,.,.,.,O,I5
.,.,.,.,.,.,.,.,.,.,.,.,.,.,.,.,.,.,.,.,.,.,.,.,.,.,.,.,.,.,.,.,.,.,.,.,.,.,.,X,.,O,I3
.,.,.,.,.,.,.,.,.,.,.,.,.,.,.,.,.,.,.,.,.,.,.,.,.,.,.,.,.,.,.,.,.,.,.,.,.,O,.,X,.,O,I7
.,.,.,.,.,.,.,.,.,.,.,.,.,.,.,.,.,.,.,.,.,.,.,.,.,.,.,.,.,.,.,.,.,.,X,.,.,O,.,X,.,O,I4
.,.,.,.,.,.,.,.,.,.,.,.,.,.,.,.,.,.,.,.,.,.,.,.,.,.,.,.,.,.,.,.,.,.,X,.,.,O,O,X,.,O,I7
.,.,.,.,.,.,.,.,.,.,.,.,.,.,.,.,.,.,.,.,.,.,.,.,.,.,.,X,.,.,.,.,.,.,X,.,.,O,O,X,.,O,I6
.,.,.,.,.,.,.,.,.,.,.,.,.,.,.,.,.,.,.,.,.,.,.,.,.,.,.,X,.,.,.,.,.,.,X,.,.,O,O,X,O,O,I7
.,.,.,.,.,.,.,.,.,.,.,.,.,.,.,.,.,.,.,.,X,.,.,.,.,.,.,X,.,.,.,.,.,.,X,.,.,O,O,X,O,O,I6
.,.,.,.,.,.,.,.,.,.,.,.,.,.,.,.,.,.,.,.,X,.,.,.,.,.,.,X,.,.,.,.,.,O,X,.,.,O,O,X,O,O,I3
.,.,.,.,.,.,.,.,.,.,.,.,.,.,.,.,.,.,.,.,X,.,.,.,.,.,.,X,.,.,X,.,.,O,X,.,.,O,O,X,O,O,I7
.,.,.,.,.,.,.,.,.,.,.,.,.,O,.,.,.,.,.,.,X,.,.,.,.,.,.,X,.,.,X,.,.,O,X,.,.,O,O,X,O,O,I6
.,.,.,.,.,.,.,.,.,.,.,.,.,O,.,.,.,.,.,.,X,.,.,.,.,.,X,X,.,.,X,.,.,O,X,.,.,O,O,X,O,O,I2
.,.,.,.,.,.,.,.,.,.,.,.,.,O,.,.,.,.,.,.,X,.,.,.,.,.,X,X,.,.,X,.,.,O,X,.,O,O,O,X,O,O,I6
.,.,.,.,.,.,.,.,.,.,.,.,.,O,.,.,.,.,.,X,X,.,.,.,.,.,X,X,.,.,X,.,.,O,X,.,O,O,O,X,O,O,I5
.,.,.,.,.,.,.,.,.,.,.,.,.,O,.,.,.,.,.,X,X,.,.,.,.,.,X,X,.,.,X,.,O,O,X,.,O,O,O,X,O,O,R5
.,.,.,.,.,.,.,.,.,.,.,.,.,.,.,.,.,.,.,.,.,.,.,.,.,.,.,.,.,.,.,.,.,.,.,.,.,.,.,.,.,.,I4
.,.,.,.,.,.,.,.,.,.,.,.,.,.,.,.,.,.,.,.,.,.,.,.,.,.,.,.,.,.,.,.,.,.,.,.,.,.,O,.,.,.,I4
.,.,.,.,.,.,.,.,.,.,.,.,.,.,.,.,.,.,.,.,.,.,.,.,.,.,.,.,.,.,.,X,.,.,.,.,.,.,O,.,.,.,I3
.,.,.,.,.,.,.,.,.,.,.,.,.,.,.,.,.,.,.,.,.,.,.,.,.,.,.,.,.,.,.,X,.,.,.,.,.,O,O,.,.,.,I4
.,.,.,.,.,.,.,.,.,.,.,.,.,.,.,.,.,.,.,.,.,.,.,.,X,.,.,.,.,.,.,X,.,.,.,.,.,O,O,.,.,.,I5
.,.,.,.,.,.,.,.,.,.,.,.,.,.,.,.,.,.,.,.,.,.,.,.,X,.,.,.,.,.,.,X,.,.,.,.,.,O,O,O,.,.,I6
.,.,.,.,.,.,.,.,.,.,.,.,.,.,.,.,.,.,.,.,.,.,.,.,X,.,.,.,.,.,.,X,.,.,.,.,.,O,O,O,X,.,I6
.,.,.,.,.,.,.,.,.,.,.,.,.,.,.,.,.,.,.,.,.,.,.,.,X,.,.,.,.,.,.,X,.,O,.,.,.,O,O,O,X,.,R6
.,.,.,.,.,.,.,.,.,.,.,.,.,.,.,.,.,.,.,.,.,.,.,.,.,.,.,.,.,.,.,.,.,.,.,.,.,.,.,.,.,.,I6
.,.,.,.,.,.,.,.,.,.,.,.,.,.,.,.,.,.,.,.,.,.,.,.,.,.,.,.,.,.,.,.,.,.,.,.,.,.,.,.,O,.,I4
.,.,.,.,.,.,.,.,.,.,.,.,.,.,.,.,.,.,.,.,.,.,.,.,.,.,.,.,.,.,.,.,.,.,.,.,.,.,X,.,O,.,R6
.,.,.,.,.,.,.,.,.,.,.,.,.,.,.,.,.,.,.,.,.,.,.,.,.,.,.,.,.,.,.,.,.,.,.,.,.,.,X,.,.,.,I7
.,.,.,.,.,.,.,.,.,.,.,.,.,.,.,.,.,.,.,.,.,.,.,.,.,.,.,.,.,.,.,.,.,.,.,.,.,.,X,.,.,X,I3
.,.,.,.,.,.,.,.,.,.,.,.,.,.,.,.,.,.,.,.,.,.,.,.,.,.,.,.,.,.,.,.,.,.,.,.,.,O,X,.,.,X,I3
.,.,.,.,.,.,.,.,.,.,.,.,.,.,.,.,.,.,.,.,.,.,.,.,.,.,.,.,.,.,X,.,.,.,.,.,.,O,X,.,.,X,I4
.,.,.,.,.,.,.,.,.,.,.,.,.,.,.,.,.,.,.,.,.,.,.,.,.,.,.,.,.,.,X,O,.,.,.,.,.,O,X,.,.,X,I6
.,.,.,.,.,.,.,.,.,.,.,.,.,.,.,.,.,.,.,.,.,.,.,.,.,.,.,.,.,.,X,O,.,.,.,.,.,O,X,.,X,X,I2
.,.,.,.,.,.,.,.,.,.,.,.,.,.,.,.,.,.,.,.,.,.,.,.,.,.,.,.,.,.,X,O,.,.,.,.,O,O,X,.,X,X,R7
.,.,.,.,.,.,.,.,.,.,.,.,.,.,.,.,.,.,.,.,.,.,.,.,.,.,.,.,.,.,X,O,.,.,.,.,O,O,X,.,X,.,I5
.,.,.,.,.,.,.,.,.,.,.,.,.,.,.,.,.,.,.,.,.,.,.,.,.,.,.,.,.,.,X,O,.,.,.,.,O,O,X,O,X,.,R4
.,.,.,.,.,.,.,.,.,.,.,.,.,.,.,.,.,.,.,.,.,.,.,.,.,.,.,.,.,.,.,.,.,.,.,.,.,.,.,.,.,.,I5
.,.,.,.,.,.,.,.,.,.,.,.,.,.,.,.,.,.,.,.,.,.,.,.,.,.,.,.,.,.,.,.,.,.,.,.,.,.,.,O,.,.,I5
.,.,.,.,.,.,.,.,.,.,.,.,.,.,.,.,.,.,.,.,.,.,.,.,.,.,.,.,.,.,.,.,X,.,.,.,.,.,.,O,.,.,I5
.,.,.,.,.,.,.,.,.,.,.,.,.,.,.,.,.,.,.,.,.,.,.,.,.,O,.,.,.,.,.,.,X,.,.,.,.,.,.,O,.,.,I7
.,.,.,.,.,.,.,.,.,.,.,.,.,.,.,.,.,.,.,.,.,.,.,.,.,O,.,.,.,.,.,.,X,.,.,.,.,.,.,O,.,X,I5
.,.,.,.,.,.,.,.,.,.,.,.,.,.,.,.,.,.,O,.,.,.,.,.,.,O,.,.,.,.,.,.,X,.,.,.,.,.,.,O,.,X,I7
.,.,.,.,.,.,.,.,.,.,.,.,.,.,.,.,.,.,O,.,.,.,.,.,.,O,.,.,.,.,.,.,X,.,X,.,.,.,.,O,.,X,I3
.,.,.,.,.,.,.,.,.,.,.,.,.,.,.,.,.,.,O,.,.,.,.,.,.,O,.,.,.,.,.,.,X,.,X,.,.,O,.,O,.,X,I7
.,.,.,.,.,.,.,.,.,.,.,.,.,.,.,.,.,.,O,.,.,.,.,.,.,O,.,X,.,.,.,.,X,.,X,.,.,O,.,O,.,X,I5
.,.,.,.,.,.,.,.,.,.,.,O,.,.,.,.,.,.,O,.,.,.,.,.,.,O,.,X,.,.,.,.,X,.,X,.,.,O,.,O,.,X,I4
.,.,.,.,.,.,.,.,.,.,.,O,.,.,.,.,.,.,O,.,.,.,.,.,.,O,.,X,.,.,.,.,X,.,X,.,.,O,X,O,.,X,R3
.,.,.,.,.,.,.,.,.,.,.,O,.,.,.,.,.,.,O,.,.,.,.,.,.,O,.,X,.,.,.,.,X,.,X,.,.,.,X,O,.,X,R4
.,.,.,.,.,.,.,.,.,.,.,O,.,.,.,.,.,.,O,.,.,.,.,.,.,O,.,X,.,.,.,.,X,.,X,.,.,.,.,O,.,X,I7
.,.,.,.,.,.,.,.,.,.,.,O,.,.,.,.,.,.,O,.,O,.,.,.,.,O,.,X,.,.,.,.,X,.,X,.,.,.,.,O,.,X,I6
.,.,.,.,.,.,.,.,.,.,.,O,.,.,.,.,.,.,O,.,O,.,.,.,.,O,.,X,.,.,.,.,X,.,X,.,.,.,.,O,X,X,I6
.,.,.,.,.,.,.,.,.,.,.,O,.,.,.,.,.,.,O,.,O,.,.,.,.,O,.,X,.,.,.,.,X,O,X,.,.,.,.,O,X,X,I4
.,.,.,.,.,.,.,.,.,.,.,O,.,.,.,.,.,.,O,.,O,.,.,.,.,O,.,X,.,.,.,.,X,O,X,.,.,.,X,O,X,X,R5
.,.,.,.,.,.,.,.,.,.,.,.,.,.,.,.,.,.,.,.,.,.,.,.,.,.,.,.,.,.,.,.,.,.,.,.,.,.,.,.,.,.,I7
.,.,.,.,.,.,.,.,.,.,.,.,.,.,.,.,.,.,.,.,.,.,.,.,.,.,.,.,.,.,.,.,.,.,.,.,.,.,.,.,.,O,I6
.,.,.,.,.,.,.,.,.,.,.,.,.,.,.,.,.,.,.,.,.,.,.,.,.,.,.,.,.,.,.,.,.,.,.,.,.,.,.,.,X,O,R7
.,.,.,.,.,.,.,.,.,.,.,.,.,.,.,.,.,.,.,.,.,.,.,.,.,.,.,.,.,.,.,.,.,.,.,.,.,.,.,.,X,.,R6
.,.,.,.,.,.,.,.,.,.,.,.,.,.,.,.,.,.,.,.,.,.,.,.,.,.,.,.,.,.,.,.,.,.,.,.,.,.,.,.,.,.,I4
.,.,.,.,.,.,.,.,.,.,.,.,.,.,.,.,.,.,.,.,.,.,.,.,.,.,.,.,.,.,.,.,.,.,.,.,.,.,O,.,.,.,I4
.,.,.,.,.,.,.,.,.,.,.,.,.,.,.,.,.,.,.,.,.,.,.,.,.,.,.,.,.,.,.,X,.,.,.,.,.,.,O,.,.,.,I3
.,.,.,.,.,.,.,.,.,.,.,.,.,.,.,.,.,.,.,.,.,.,.,.,.,.,.,.,.,.,.,X,.,.,.,.,.,O,O,.,.,.,I4
.,.,.,.,.,.,.,.,.,.,.,.,.,.,.,.,.,.,.,.,.,.,.,.,X,.,.,.,.,.,.,X,.,.,.,.,.,O,O,.,.,.,I7
.,.,.,.,.,.,.,.,.,.,.,.,.,.,.,.,.,.,.,.,.,.,.,.,X,.,.,.,.,.,.,X,.,.,.,.,.,O,O,.,.,O,I4
.,.,.,.,.,.,.,.,.,.,.,.,.,.,.,.,.,X,.,.,.,.,.,.,X,.,.,.,.,.,.,X,.,.,.,.,.,O,O,.,.,O,I4
.,.,.,.,.,.,.,.,.,.,O,.,.,.,.,.,.,X,.,.,.,.,.,.,X,.,.,.,.,.,.,X,.,.,.,.,.,O,O,.,.,O,I1
.,.,.,.,.,.,.,.,.,.,O,.,.,.,.,.,.,X,.,.,.,.,.,.,X,.,.,.,.,.,.,X,.,.,.,X,.,O,O,.,.,O,I4
.,.,.,O,.,.,.,.,.,.,O,.,.,.,.,.,.,X,.,.,.,.,.,.,X,.,.,.,.,.,.,X,.,.,.,X,.,O,O,.,.,O,I7
.,.,.,O,.,.,.,.,.,.,O,.,.,.,.,.,.,X,.,.,.,.,.,.,X,.,.,.,.,.,.,X,.,.,X,X,.,O,O,.,.,O,I5
.,.,.,O,.,.,.,.,.,.,O,.,.,.,.,.,.,X,.,.,.,.,.,.,X,.,.,.,.,.,.,X,.,.,X,X,.,O,O,O,.,O,I3
.,.,.,O,.,.,.,.,.,.,O,.,.,.,.,.,.,X,.,.,.,.,.,.,X,.,.,.,.,.,X,X,.,.,X,X,.,O,O,O,.,O,R7
.,.,.,O,.,.,.,.,.,.,O,.,.,.,.,.,.,X,.,.,.,.,.,.,X,.,.,.,.,.,X,X,.,.,.,X,.,O,O,O,.,X,R7
.,.,.,O,.,.,.,.,.,.,O,.,.,.,.,.,.,X,.,.,.,.,.,.,X,.,.,.,.,.,X,X,.,.,.,X,.,O,O,O,.,.,I7
.,.,.,O,.,.,.,.,.,.,O,.,.,.,.,.,.,X,.,.,.,.,.,.,X,.,.,.,.,.,X,X,.,.,.,X,.,O,O,O,.,O,I6
.,.,.,O,.,.,.,.,.,.,O,.,.,.,.,.,.,X,.,.,.,.,.,.,X,.,.,.,.,.,X,X,.,.,.,X,.,O,O,O,X,O,R7
.,.,.,O,.,.,.,.,.,.,O,.,.,.,.,.,.,X,.,.,.,.,.,.,X,.,.,.,.,.,X,X,.,.,.,X,.,O,O,O,X,.,I7
.,.,.,O,.,.,.,.,.,.,O,.,.,.,.,.,.,X,.,.,.,.,.,.,X,.,.,.,.,.,X,X,.,.,.,X,.,O,O,O,X,X,R4
.,.,.,.,.,.,.,.,.,.,O,.,.,.,.,.,.,O,.,.,.,.,.,.,X,.,.,.,.,.,X,X,.,.,.,X,.,O,X,O,X,X,R7
.,.,.,.,.,.,.,.,.,.,O,.,.,.,.,.,.,O,.,.,.,.,.,.,X,.,.,.,.,.,X,X,.,.,.,X,.,O,X,O,X,.,I5
.,.,.,.,.,.,.,.,.,.,O,.,.,.,.,.,.,O,.,.,.,.,.,.,X,.,.,.,.,.,X,X,O,.,.,X,.,O,X,O,X,.,I5
.,.,.,.,.,.,.,.,.,.,O,.,.,.,.,.,.,O,.,.,.,.,.,.,X,X,.,.,.,.,X,X,O,.,.,X,.,O,X,O,X,.,I5
.,.,.,.,.,.,.,.,.,.,O,.,.,.,.,.,.,O,O,.,.,.,.,.,X,X,.,.,.,.,X,X,O,.,.,X,.,O,X,O,X,.,I5
.,.,.,.,.,.,.,.,.,.,O,X,.,.,.,.,.,O,O,.,.,.,.,.,X,X,.,.,.,.,X,X,O,.,.,X,.,O,X,O,X,.,I7
.,.,.,.,.,.,.,.,.,.,O,X,.,.,.,.,.,O,O,.,.,.,.,.,X,X,.,.,.,.,X,X,O,.,.,X,.,O,X,O,X,O,R6
.,.,.,.,.,.,.,.,.,.,O,X,.,.,.,.,.,O,O,.,.,.,.,.,X,X,.,.,.,.,X,X,O,.,.,X,.,O,X,O,.,O,I7
.,.,.,.,.,.,.,.,.,.,O,X,.,.,.,.,.,O,O,.,.,.,.,.,X,X,.,.,.,.,X,X,O,.,O,X,.,O,X,O,.,O,I4
.,.,.,X,.,.,.,.,.,.,O,X,.,.,.,.,.,O,O,.,.,.,.,.,X,X,.,.,.,.,X,X,O,.,O,X,.,O,X,O,.,O,I3
.,.,.,X,.,.,.,.,.,.,O,X,.,.,.,.,.,O,O,.,.,.,.,O,X,X,.,.,.,.,X,X,O,.,O,X,.,O,X,O,.,O,I2
.,.,.,X,.,.,.,.,.,.,O,X,.,.,.,.,.,O,O,.,.,.,.,O,X,X,.,.,.,.,X,X,O,.,O,X,X,O,X,O,.,O,R5
.,.,.,.,.,.,.,.,.,.,.,.,.,.,.,.,.,.,.,.,.,.,.,.,.,.,.,.,.,.,.,.,.,.,.,.,.,.,.,.,.,.,I3
.,.,.,.,.,.,.,.,.,.,.,.,.,.,.,.,.,.,.,.,.,.,.,.,.,.,.,.,.,.,.,.,.,.,.,.,.,O,.,.,.,.,I5
.,.,.,.,.,.,.,.,.,.,.,.,.,.,.,.,.,.,.,.,.,.,.,.,.,.,.,.,.,.,.,.,.,.,.,.,.,O,.,X,.,.,I6
.,.,.,.,.,.,.,.,.,.,.,.,.,.,.,.,.,.,.,.,.,.,.,.,.,.,.,.,.,.,.,.,.,.,.,.,.,O,.,X,O,.,I4
.,.,.,.,.,.,.,.,.,.,.,.,.,.,.,.,.,.,.,.,.,.,.,.,.,.,.,.,.,.,.,.,.,.,.,.,.,O,X,X,O,.,R6
.,.,.,.,.,.,.,.,.,.,.,.,.,.,.,.,.,.,.,.,.,.,.,.,.,.,.,.,.,.,.,.,.,.,.,.,.,O,X,X,.,.,I5
.,.,.,.,.,.,.,.,.,.,.,.,.,.,.,.,.,.,.,.,.,.,.,.,.,.,.,.,.,.,.,.,X,.,.,.,.,O,X,X,.,.,I6
.,.,.,.,.,.,.,.,.,.,.,.,.,.,.,.,.,.,.,.,.,.,.,.,.,.,.,.,.,.,.,.,X,.,.,.,.,O,X,X,O,.,I5
.,.,.,.,.,.,.,.,.,.,.,.,.,.,.,.,.,.,.,.,.,.,.,.,.,X,.,.,.,.,.,.,X,.,.,.,.,O,X,X,O,.,I5
.,.,.,.,.,.,.,.,.,.,.,.,.,.,.,.,.,.,O,.,.,.,.,.,.,X,.,.,.,.,.,.,X,.,.,.,.,O,X,X,O,.,I7
.,.,.,.,.,.,.,.,.,.,.,.,.,.,.,.,.,.,O,.,.,.,.,.,.,X,.,.,.,.,.,.,X,.,.,.,.,O,X,X,O,X,I4
.,.,.,.,.,.,.,.,.,.,.,.,.,.,.,.,.,.,O,.,.,.,.,.,.,X,.,.,.,.,.,O,X,.,.,.,.,O,X,X,O,X,I6
.,.,.,.,.,.,.,.,.,.,.,.,.,.,.,.,.,.,O,.,.,.,.,.,.,X,.,.,.,.,.,O,X,X,.,.,.,O,X,X,O,X,R6
.,.,.,.,.,.,.,.,.,.,.,.,.,.,.,.,.,.,.,.,.,.,.,.,.,.,.,.,.,.,.,.,.,.,.,.,.,.,.,.,.,.,I4
.,.,.,.,.,.,.,.,.,.,.,.,.,.,.,.,.,.,.,.,.,.,.,.,.,.,.,.,.,.,.,.,.,.,.,.,.,.,O,.,.,.,I5
.,.,.,.,.,.,.,.,.,.,.,.,.,.,.,.,.,.,.,.,.,.,.,.,.,.,.,.,.,.,.,.,.,.,.,.,.,.,O,X,.,.,I1
.,.,.,.,.,.,.,.,.,.,.,.,.,.,.,.,.,.,.,.,.,.,.,.,.,.,.,.,.,.,.,.,.,.,.,O,.,.,O,X,.,.,I7
.,.,.,.,.,.,.,.,.,.,.,.,.,.,.,.,.,.,.,.,.,.,.,.,.,.,.,.,.,.,.,.,.,.,.,O,.,.,O,X,.,X,I3
.,.,.,.,.,.,.,.,.,.,.,.,.,.,.,.,.,.,.,.,.,.,.,.,.,.,.,.,.,.,.,.,.,.,.,O,.,O,O,X,.,X,I5
.,.,.,.,.,.,.,.,.,.,.,.,.,.,.,.,.,.,.,.,.,.,.,.,.,.,.,.,.,.,.,.,X,.,.,O,.,O,O,X,.,X,I6
.,.,.,.,.,.,.,.,.,.,.,.,.,.,.,.,.,.,.,.,.,.,.,.,.,.,.,.,.,.,.,.,X,.,.,O,.,O,O,X,O,X,R7
.,.,.,.,.,.,.,.,.,.,.,.,.,.,.,.,.,.,.,.,.,.,.,.,.,.,.,.,.,.,.,.,X,.,.,O,.,O,O,X,O,.,I1
.,.,.,.,.,.,.,.,.,.,.,.,.,.,.,.,.,.,.,.,.,.,.,.,.,.,.,.,O,.,.,.,X,.,.,O,.,O,O,X,O,.,I3
.,.,.,.,.,.,.,.,.,.,.,.,.,.,.,.,.,.,.,.,.,.,.,.,.,.,.,.,O,.,X,.,X,.,.,O,.,O,O,X,O,.,R6
.,.,.,.,.,.,.,.,.,.,.,.,.,.,.,.,.,.,.,.,.,.,.,.,.,.,.,.,O,.,X,.,X,.,.,O,.,O,O,X,.,.,I5
.,.,.,.,.,.,.,.,.,.,.,.,.,.,.,.,.,.,.,.,.,.,.,.,.,X,.,.,O,.,X,.,X,.,.,O,.,O,O,X,.,.,I5
.,.,.,.,.,.,.,.,.,.,.,.,.,.,.,.,.,.,O,.,.,.,.,.,.,X,.,.,O,.,X,.,X,.,.,O,.,O,O,X,.,.,I6
.,.,.,.,.,.,.,.,.,.,.,.,.,.,.,.,.,.,O,.,.,.,.,.,.,X,.,.,O,.,X,.,X,.,.,O,.,O,O,X,X,.,I1
.,.,.,.,.,.,.,.,.,.,.,.,.,.,.,.,.,.,O,.,.,O,.,.,.,X,.,.,O,.,X,.,X,.,.,O,.,O,O,X,X,.,I1
.,.,.,.,.,.,.,.,.,.,.,.,.,.,X,.,.,.,O,.,.,O,.,.,.,X,.,.,O,.,X,.,X,.,.,O,.,O,O,X,X,.,I4
.,.,.,.,.,.,.,.,.,.,.,.,.,.,X,.,.,.,O,.,.,O,.,.,.,X,.,.,O,.,X,O,X,.,.,O,.,O,O,X,X,.,I7
.,.,.,.,.,.,.,.,.,.,.,.,.,.,X,.,.,.,O,.,.,O,.,.,.,X,.,.,O,.,X,O,X,.,.,O,.,O,O,X,X,X,I1
.,.,.,.,.,.,.,O,.,.,.,.,.,.,X,.,.,.,O,.,.,O,.,.,.,X,.,.,O,.,X,O,X,.,.,O,.,O,O,X,X,X,R7
.,.,.,.,.,.,.,O,.,.,.,.,.,.,X,.,.,.,O,.,.,O,.,.,.,X,.,.,O,.,X,O,X,.,.,O,.,O,O,X,X,.,I6
.,.,.,.,.,.,.,O,.,.,.,.,.,.,X,.,.,.,O,.,.,O,.,.,.,X,.,.,O,.,X,O,X,O,.,O,.,O,O,X,X,.,I4
.,.,.,.,.,.,.,O,.,.,.,.,.,.,X,.,.,.,O,.,.,O,.,.,X,X,.,.,O,.,X,O,X,O,.,O,.,O,O,X,X,.,I6
.,.,.,.,.,.,.,O,.,.,.,.,.,.,X,.,.,.,O,.,.,O,.,.,X,X,O,.,O,.,X,O,X,O,.,O,.,O,O,X,X,.,I4
.,.,.,.,.,.,.,O,.,.,.,.,.,.,X,.,.,X,O,.,.,O,.,.,X,X,O,.,O,.,X,O,X,O,.,O,.,O,O,X,X,.,I7
.,.,.,.,.,.,.,O,.,.,.,.,.,.,X,.,.,X,O,.,.,O,.,.,X,X,O,.,O,.,X,O,X,O,.,O,.,O,O,X,X,O,I3
.,.,.,.,.,.,.,O,.,.,.,.,.,.,X,.,.,X,O,.,.,O,.,X,X,X,O,.,O,.,X,O,X,O,.,O,.,O,O,X,X,O,I6
.,.,.,.,.,.,.,O,.,.,.,.,.,.,X,.,.,X,O,O,.,O,.,X,X,X,O,.,O,.,X,O,X,O,.,O,.,O,O,X,X,O,R5
.,.,.,.,.,.,.,.,.,.,.,.,.,.,.,.,.,.,.,.,.,.,.,.,.,.,.,.,.,.,.,.,.,.,.,.,.,.,.,.,.,.,I4
.,.,.,.,.,.,.,.,.,.,.,.,.,.,.,.,.,.,.,.,.,.,.,.,.,.,.,.,.,.,.,.,.,.,.,.,.,.,O,.,.,.,I4
.,.,.,.,.,.,.,.,.,.,.,.,.,.,.,.,.,.,.,.,.,.,.,.,.,.,.,.,.,.,.,X,.,.,.,.,.,.,O,.,.,.,I5
.,.,.,.,.,.,.,.,.,.,.,.,.,.,.,.,.,.,.,.,.,.,.,.,.,.,.,.,.,.,.,X,.,.,.,.,.,.,O,O,.,.,I4
.,.,.,.,.,.,.,.,.,.,.,.,.,.,.,.,.,.,.,.,.,.,.,.,X,.,.,.,.,.,.,X,.,.,.,.,.,.,O,O,.,.,I2
.,.,.,.,.,.,.,.,.,.,.,.,.,.,.,.,.,.,.,.,.,.,.,.,X,.,.,.,.,.,.,X,.,.,.,.,O,.,O,O,.,.,I6
.,.,.,.,.,.,.,.,.,.,.,.,.,.,.,.,.,.,.,.,.,.,.,.,X,.,.,.,.,.,.,X,.,.,.,.,O,.,O,O,X,.,I6
.,.,.,.,.,.,.,.,.,.,.,.,.,.,.,.,.,.,.,.,.,.,.,.,X,.,.,.,.,.,.,X,.,O,.,.,O,.,O,O,X,.,I4
.,.,.,.,.,.,.,.,.,.,.,.,.,.,.,.,.,X,.,.,.,.,.,.,X,.,.,.,.,.,.,X,.,O,.,.,O,.,O,O,X,.,I4
.,.,.,.,.,.,.,.,.,.,O,.,.,.,.,.,.,X,.,.,.,.,.,.,X,.,.,.,.,.,.,X,.,O,.,.,O,.,O,O,X,.,I1
.,.,.,.,.,.,.,.,.,.,O,.,.,.,.,.,.,X,.,.,.,.,.,.,X,.,.,.,.,.,.,X,.,O,.,X,O,.,O,O,X,.,I4
.,.,.,O,.,.,.,.,.,.,O,.,.,.,.,.,.,X,.,.,.,.,.,.,X,.,.,.,.,.,.,X,.,O,.,X,O,.,O,O,X,.,I1
.,.,.,O,.,.,.,.,.,.,O,.,.,.,.,.,.,X,.,.,.,.,.,.,X,.,.,.,X,.,.,X,.,O,.,X,O,.,O,O,X,.,I1
.,.,.,O,.,.,.,.,.,.,O,.,.,.,.,.,.,X,.,.,.,O,.,.,X,.,.,.,X,.,.,X,.,O,.,X,O,.,O,O,X,.,I5
.,.,.,O,.,.,.,.,.,.,O,.,.,.,.,.,.,X,.,.,.,O,.,.,X,.,.,.,X,.,.,X,X,O,.,X,O,.,O,O,X,.,R5
.,.,.,O,.,.,.,.,.,.,O,.,.,.,.,.,.,X,.,.,.,O,.,.,X,.,.,.,X,.,.,X,.,O,.,X,O,.,O,X,X,.,I6
.,.,.,O,.,.,.,.,.,.,O,.,.,.,.,.,.,X,.,.,.,O,.,.,X,.,X,.,X,.,.,X,.,O,.,X,O,.,O,X,X,.,I5
.,.,.,O,.,.,.,.,.,.,O,.,.,.,.,.,.,X,.,.,.,O,.,.,X,.,X,.,X,.,.,X,O,O,.,X,O,.,O,X,X,.,I5
.,.,.,O,.,.,.,.,.,.,O,.,.,.,.,.,.,X,.,.,.,O,.,.,X,X,X,.,X,.,.,X,O,O,.,X,O,.,O,X,X,.,I6
.,.,.,O,.,.,.,.,.,.,O,.,.,.,.,.,.,X,.,O,.,O,.,.,X,X,X,.,X,.,.,X,O,O,.,X,O,.,O,X,X,.,I6
.,.,.,O,.,.,.,.,.,.,O,.,X,.,.,.,.,X,.,O,.,O,.,.,X,X,X,.,X,.,.,X,O,O,.,X,O,.,O,X,X,.,I5
.,.,.,O,.,.,.,.,.,.,O,.,X,.,.,.,.,X,O,O,.,O,.,.,X,X,X,.,X,.,.,X,O,O,.,X,O,.,O,X,X,.,I2
.,.,.,O,.,.,.,.,.,.,O,.,X,.,.,.,.,X,O,O,.,O,.,.,X,X,X,.,X,X,.,X,O,O,.,X,O,.,O,X,X,.,I2
.,.,.,O,.,.,.,.,.,.,O,.,X,.,.,.,.,X,O,O,.,O,O,.,X,X,X,.,X,X,.,X,O,O,.,X,O,.,O,X,X,.,I7
.,.,.,O,.,.,.,.,.,.,O,.,X,.,.,.,.,X,O,O,.,O,O,.,X,X,X,.,X,X,.,X,O,O,.,X,O,.,O,X,X,X,R4
.,.,.,.,.,.,.,.,.,.,.,.,.,.,.,.,.,.,.,.,.,.,.,.,.,.,.,.,.,.,.,.,.,.,.,.,.,.,.,.,.,.,I5
.,.,.,.,.,.,.,.,.,.,.,.,.,.,.,.,.,.,.,.,.,.,.,.,.,.,.,.,.,.,.,.,.,.,.,.,.,.,.,O,.,.,I6
.,.,.,.,.,.,.,.,.,.,.,.,.,.,.,.,.,.,.,.,.,.,.,.,.,.,.,.,.,.,.,.,.,.,.,.,.,.,.,O,X,.,I3
.,.,.,.,.,.,.,.,.,.,.,.,.,.,.,.,.,.,.,.,.,.,.,.,.,.,.,.,.,.,.,.,.,.,.,.,.,O,.,O,X,.,I7
.,.,.,.,.,.,.,.,.,.,.,.,.,.,.,.,.,.,.,.,.,.,.,.,.,.,.,.,.,.,.,.,.,.,.,.,.,O,.,O,X,X,I7
.,.,.,.,.,.,.,.,.,.,.,.,.,.,.,.,.,.,.,.,.,.,.,.,.,.,.,.,.,.,.,.,.,.,O,.,.,O,.,O,X,X,I3
.,.,.,.,.,.,.,.,.,.,.,.,.,.,.,.,.,.,.,.,.,.,.,.,.,.,.,.,.,.,X,.,.,.,O,.,.,O,.,O,X,X,I4
.,.,.,.,.,.,.,.,.,.,.,.,.,.,.,.,.,.,.,.,.,.,.,.,.,.,.,.,.,.,X,.,.,.,O,.,.,O,O,O,X,X,I6
.,.,.,.,.,.,.,.,.,.,.,.,.,.,.,.,.,.,.,.,.,.,.,.,.,.,.,.,.,.,X,.,.,X,O,.,.,O,O,O,X,X,I5
.,.,.,.,.,.,.,.,.,.,.,.,.,.,.,.,.,.,.,.,.,.,.,.,.,.,.,.,.,.,X,.,O,X,O,.,.,O,O,O,X,X,I1
.,.,.,.,.,.,.,.,.,.,.,.,.,.,.,.,.,.,.,.,.,.,.,.,.,.,.,.,.,.,X,.,O,X,O,X,.,O,O,O,X,X,I7
.,.,.,.,.,.,.,.,.,.,.,.,.,.,.,.,.,.,.,.,.,.,.,.,.,.,.,O,.,.,X,.,O,X,O,X,.,O,O,O,X,X,I7
.,.,.,.,.,.,.,.,.,.,.,.,.,.,.,.,.,.,.,.,X,.,.,.,.,.,.,O,.,.,X,.,O,X,O,X,.,O,O,O,X,X,I6
.,.,.,.,.,.,.,.,.,.,.,.,.,.,.,.,.,.,.,.,X,.,.,.,.,.,O,O,.,.,X,.,O,X,O,X,.,O,O,O,X,X,I5
.,.,.,.,.,.,.,.,.,.,.,.,.,.,.,.,.,.,.,.,X,.,.,.,.,X,O,O,.,.,X,.,O,X,O,X,.,O,O,O,X,X,I4
.,.,.,.,.,.,.,.,.,.,.,.,.,.,.,.,.,.,.,.,X,.,.,.,.,X,O,O,.,.,X,O,O,X,O,X,.,O,O,O,X,X,R6
.,.,.,.,.,.,.,.,.,.,.,.,.,.,.,.,.,.,.,.,.,.,.,.,.,.,.,.,.,.,.,.,.,.,.,.,.,.,.,.,.,.,I1
.,.,.,.,.,.,.,.,.,.,.,.,.,.,.,.,.,.,.,.,.,.,.,.,.,.,.,.,.,.,.,.,.,.,.,O,.,.,.,.,.,.,I7
.,.,.,.,.,.,.,.,.,.,.,.,.,.,.,.,.,.,.,.,.,.,.,.,.,.,.,.,.,.,.,.,.,.,.,O,.,.,.,.,.,X,I5
.,.,.,.,.,.,.,.,.,.,.,.,.,.,.,.,.,.,.,.,.,.,.,.,.,.,.,.,.,.,.,.,.,.,.,O,.,.,.,O,.,X,I5
.,.,.,.,.,.,.,.,.,.,.,.,.,.,.,.,.,.,.,.,.,.,.,.,.,.,.,.,.,.,.,.,X,.,.,O,.,.,.,O,.,X,I1
.,.,.,.,.,.,.,.,.,.,.,.,.,.,.,.,.,.,.,.,.,.,.,.,.,.,.,.,O,.,.,.,X,.,.,O,.,.,.,O,.,X,I6
.,.,.,.,.,.,.,.,.,.,.,.,.,.,.,.,.,.,.,.,.,.,.,.,.,.,.,.,O,.,.,.,X,.,.,O,.,.,.,O,X,X,I7
.,.,.,.,.,.,.,.,.,.,.,.,.,.,.,.,.,.,.,.,.,.,.,.,.,.,.,.,O,.,.,.,X,.,O,O,.,.,.,O,X,X,I4
.,.,.,.,.,.,.,.,.,.,.,.,.,.,.,.,.,.,.,.,.,.,.,.,.,.,.,.,O,.,.,.,X,.,O,O,.,.,X,O,X,X,R5
.,.,.,.,.,.,.,.,.,.,.,.,.,.,.,.,.,.,.,.,.,.,.,.,.,.,.,.,.,.,.,.,.,.,.,.,.,.,.,.,.,.,I5
.,.,.,.,.,.,.,.,.,.,.,.,.,.,.,.,.,.,.,.,.,.,.,.,.,.,.,.,.,.,.,.,.,.,.,.,.,.,.,O,.,.,I7
.,.,.,.,.,.,.,.,.,.,.,.,.,.,.,.,.,.,.,.,.,.,.,.,.,.,.,.,.,.,.,.,.,.,.,.,.,.,.,O,.,X,I7
.,.,.,.,.,.,.,.,.,.,.,.,.,.,.,.,.,.,.,.,.,.,.,.,.,.,.,.,.,.,.,.,.,.,O,.,.,.,.,O,.,X,I3
.,.,.,.,.,.,.,.,.,.,.,.,.,.,.,.,.,.,.,.,.,.,.,.,.,.,.,.,.,.,.,.,.,.,O,.,.,X,.,O,.,X,I5
.,.,.,.,.,.,.,.,.,.,.,.,.,.,.,.,.,.,.,.,.,.,.,.,.,.,.,.,.,.,.,.,O,.,O,.,.,X,.,O,.,X,I4
.,.,.,.,.,.,.,.,.,.,.,.,.,.,.,.,.,.,.,.,.,.,.,.,.,.,.,.,.,.,.,.,O,.,O,.,.,X,X,O,.,X,I5
.,.,.,.,.,.,.,.,.,.,.,.,.,.,.,.,.,.,.,.,.,.,.,.,.,O,.,.,.,.,.,.,O,.,O,.,.,X,X,O,.,X,I5
.,.,.,.,.,.,.,.,.,.,.,.,.,.,.,.,.,.,X,.,.,.,.,.,.,O,.,.,.,.,.,.,O,.,O,.,.,X,X,O,.,X,I6
.,.,.,.,.,.,.,.,.,.,.,.,.,.,.,.,.,.,X,.,.,.,.,.,.,O,.,.,.,.,.,.,O,.,O,.,.,X,X,O,O,X,I2
.,.,.,.,.,.,.,.,.,.,.,.,.,.,.,.,.,.,X,.,.,.,.,.,.,O,.,.,.,.,.,.,O,.,O,.,X,X,X,O,O,X,I6
.,.,.,.,.,.,.,.,.,.,.,.,.,.,.,.,.,.,X,.,.,.,.,.,.,O,.,.,.,.,.,.,O,O,O,.,X,X,X,O,O,X,I4
.,.,.,.,.,.,.,.,.,.,.,.,.,.,.,.,.,.,X,.,.,.,.,.,.,O,.,.,.,.,.,X,O,O,O,.,X,X,X,O,O,X,I6
.,.,.,.,.,.,.,.,.,.,.,.,.,.,.,.,.,.,X,.,.,.,.,.,.,O,O,.,.,.,.,X,O,O,O,.,X,X,X,O,O,X,I6
.,.,.,.,.,.,.,.,.,.,.,.,.,.,.,.,.,.,X,X,.,.,.,.,.,O,O,.,.,.,.,X,O,O,O,.,X,X,X,O,O,X,R5
.,.,.,.,.,.,.,.,.,.,.,.,.,.,.,.,.,.,.,.,.,.,.,.,.,.,.,.,.,.,.,.,.,.,.,.,.,.,.,.,.,.,I6
.,.,.,.,.,.,.,.,.,.,.,.,.,.,.,.,.,.,.,.,.,.,.,.,.,.,.,.,.,.,.,.,.,.,.,.,.,.,.,.,O,.,I6
.,.,.,.,.,.,.,.,.,.,.,.,.,.,.,.,.,.,.,.,.,.,.,.,.,.,.,.,.,.,.,.,.,X,.,.,.,.,.,.,O,.,I3
.,.,.,.,.,.,.,.,.,.,.,.,.,.,.,.,.,.,.,.,.,.,.,.,.,.,.,.,.,.,.,.,.,X,.,.,.,O,.,.,O,.,I2
.,.,.,.,.,.,.,.,.,.,.,.,.,.,.,.,.,.,.,.,.,.,.,.,.,.,.,.,.,.,.,.,.,X,.,.,X,O,.,.,O,.,I4
.,.,.,.,.,.,.,.,.,.,.,.,.,.,.,.,.,.,.,.,.,.,.,.,.,.,.,.,.,.,.,.,.,X,.,.,X,O,O,.,O,.,I2
.,.,.,.,.,.,.,.,.,.,.,.,.,.,.,.,.,.,.,.,.,.,.,.,.,.,.,.,.,X,.,.,.,X,.,.,X,O,O,.,O,.,I2
.,.,.,.,.,.,.,.,.,.,.,.,.,.,.,.,.,.,.,.,.,.,O,.,.,.,.,.,.,X,.,.,.,X,.,.,X,O,O,.,O,.,I2
.,.,.,.,.,.,.,.,.,.,.,.,.,.,.,X,.,.,.,.,.,.,O,.,.,.,.,.,.,X,.,.,.,X,.,.,X,O,O,.,O,.,I3
.,.,.,.,.,.,.,.,.,.,.,.,.,.,.,X,.,.,.,.,.,.,O,.,.,.,.,.,.,X,O,.,.,X,.,.,X,O,O,.,O,.,I1
.,.,.,.,.,.,.,.,.,.,.,.,.,.,.,X,.,.,.,.,.,.,O,.,.,.,.,.,.,X,O,.,.,X,.,X,X,O,O,.,O,.,I3
.,.,.,.,.,.,.,.,.,.,.,.,.,.,.,X,.,.,.,.,.,.,O,O,.,.,.,.,.,X,O,.,.,X,.,X,X,O,O,.,O,.,I4
.,.,.,.,.,.,.,.,.,.,.,.,.,.,.,X,.,.,.,.,.,.,O,O,.,.,.,.,.,X,O,X,.,X,.,X,X,O,O,.,O,.,I1
.,.,.,.,.,.,.,.,.,.,.,.,.,.,.,X,.,.,.,.,.,.,O,O,.,.,.,.,O,X,O,X,.,X,.,X,X,O,O,.,O,.,I5
.,.,.,.,.,.,.,.,.,.,.,.,.,.,.,X,.,.,.,.,.,.,O,O,.,.,.,.,O,X,O,X,.,X,.,X,X,O,O,X,O,.,I7
.,.,.,.,.,.,.,.,.,.,.,.,.,.,.,X,.,.,.,.,.,.,O,O,.,.,.,.,O,X,O,X,.,X,.,X,X,O,O,X,O,O,I7
.,.,.,.,.,.,.,.,.,.,.,.,.,.,.,X,.,.,.,.,.,.,O,O,.,.,.,.,O,X,O,X,.,X,X,X,X,O,O,X,O,O,I5
.,.,.,.,.,.,.,.,.,.,.,.,.,.,.,X,.,.,.,.,.,.,O,O,.,.,.,.,O,X,O,X,O,X,X,X,X,O,O,X,O,O,R5
.,.,.,.,.,.,.,.,.,.,.,.,.,.,.,.,.,.,.,.,.,.,.,.,.,.,.,.,.,.,.,.,.,.,.,.,.,.,.,.,.,.,I3
.,.,.,.,.,.,.,.,.,.,.,.,.,.,.,.,.,.,.,.,.,.,.,.,.,.,.,.,.,.,.,.,.,.,.,.,.,O,.,.,.,.,I2
.,.,.,.,.,.,.,.,.,.,.,.,.,.,.,.,.,.,.,.,.,.,.,.,.,.,.,.,.,.,.,.,.,.,.,.,X,O,.,.,.,.,I5
.,.,.,.,.,.,.,.,.,.,.,.,.,.,.,.,.,.,.,.,.,.,.,.,.,.,.,.,.,.,.,.,.,.,.,.,X,O,.,O,.,.,I1
.,.,.,.,.,.,.,.,.,.,.,.,.,.,.,.,.,.,.,.,.,.,.,.,.,.,.,.,.,.,.,.,.,.,.,X,X,O,.,O,.,.,I6
.,.,.,.,.,.,.,.,.,.,.,.,.,.,.,.,.,.,.,.,.,.,.,.,.,.,.,.,.,.,.,.,.,.,.,X,X,O,.,O,O,.,I5
.,.,.,.,.,.,.,.,.,.,.,.,.,.,.,.,.,.,.,.,.,.,.,.,.,.,.,.,.,.,.,.,X,.,.,X,X,O,.,O,O,.,I3
.,.,.,.,.,.,.,.,.,.,.,.,.,.,.,.,.,.,.,.,.,.,.,.,.,.,.,.,.,.,O,.,X,.,.,X,X,O,.,O,O,.,I2
.,.,.,.,.,.,.,.,.,.,.,.,.,.,.,.,.,.,.,.,.,.,.,.,.,.,.,.,.,X,O,.,X,.,.,X,X,O,.,O,O,.,I3
.,.,.,.,.,.,.,.,.,.,.,.,.,.,.,.,.,.,.,.,.,.,.,O,.,.,.,.,.,X,O,.,X,.,.,X,X,O,.,O,O,.,I3
.,.,.,.,.,.,.,.,.,.,.,.,.,.,.,.,X,.,.,.,.,.,.,O,.,.,.,.,.,X,O,.,X,.,.,X,X,O,.,O,O,.,I1
.,.,.,.,.,.,.,.,.,.,.,.,.,.,.,.,X,.,.,.,.,.,.,O,.,.,.,.,O,X,O,.,X,.,.,X,X,O,.,O,O,.,R1
.,.,.,.,.,.,.,.,.,.,.,.,.,.,.,.,X,.,.,.,.,.,.,O,.,.,.,.,.,X,O,.,X,.,.,O,X,O,.,O,O,.,I5
.,.,.,.,.,.,.,.,.,.,.,.,.,.,.,.,X,.,.,.,.,.,.,O,.,O,.,.,.,X,O,.,X,.,.,O,X,O,.,O,O,.,I4
.,.,.,.,.,.,.,.,.,.,.,.,.,.,.,.,X,.,.,.,.,.,.,O,.,O,.,.,.,X,O,.,X,.,.,O,X,O,X,O,O,.,I4
.,.,.,.,.,.,.,.,.,.,.,.,.,.,.,.,X,.,.,.,.,.,.,O,.,O,.,.,.,X,O,O,X,.,.,O,X,O,X,O,O,.,R4
.,.,.,.,.,.,.,.,.,.,.,.,.,.,.,.,.,.,.,.,.,.,.,.,.,.,.,.,.,.,.,.,.,.,.,.,.,.,.,.,.,.,I6
.,.,.,.,.,.,.,.,.,.,.,.,.,.,.,.,.,.,.,.,.,.,.,.,.,.,.,.,.,.,.,.,.,.,.,.,.,.,.,.,O,.,I1
.,.,.,.,.,.,.,.,.,.,.,.,.,.,.,.,.,.,.,.,.,.,.,.,.,.,.,.,.,.,.,.,.,.,.,X,.,.,.,.,O,.,I6
.,.,.,.,.,.,.,.,.,.,.,.,.,.,.,.,.,.,.,.,.,.,.,.,.,.,.,.,.,.,.,.,.,O,.,X,.,.,.,.,O,.,I2
.,.,.,.,.,.,.,.,.,.,.,.,.,.,.,.,.,.,.,.,.,.,.,.,.,.,.,.,.,.,.,.,.,O,.,X,X,.,.,.,O,.,I1
.,.,.,.,.,.,.,.,.,.,.,.,.,.,.,.,.,.,.,.,.,.,.,.,.,.,.,.,O,.,.,.,.,O,.,X,X,.,.,.,O,.,I4
.,.,.,.,.,.,.,.,.,.,.,.,.,.,.,.,.,.,.,.,.,.,.,.,.,.,.,.,O,.,.,.,.,O,.,X,X,.,X,.,O,.,I6
.,.,.,.,.,.,.,.,.,.,.,.,.,.,.,.,.,.,.,.,.,.,.,.,.,.,O,.,O,.,.,.,.,O,.,X,X,.,X,.,O,.,I6
.,.,.,.,.,.,.,.,.,.,.,.,.,.,.,.,.,.,.,X,.,.,.,.,.,.,O,.,O,.,.,.,.,O,.,X,X,.,X,.,O,.,I3
.,.,.,.,.,.,.,.,.,.,.,.,.,.,.,.,.,.,.,X,.,.,.,.,.,.,O,.,O,.,.,.,.,O,.,X,X,O,X,.,O,.,I5
.,.,.,.,.,.,.,.,.,.,.,.,.,.,.,.,.,.,.,X,.,.,.,.,.,.,O,.,O,.,.,.,.,O,.,X,X,O,X,X,O,.,I5
.,.,.,.,.,.,.,.,.,.,.,.,.,.,.,.,.,.,.,X,.,.,.,.,.,.,O,.,O,.,.,.,O,O,.,X,X,O,X,X,O,.,R5
.,.,.,.,.,.,.,.,.,.,.,.,.,.,.,.,.,.,.,X,.,.,.,.,.,.,O,.,O,.,.,.,.,O,.,X,X,O,X,O,O,.,R6
.,.,.,.,.,.,.,.,.,.,.,.,.,.,.,.,.,.,.,.,.,.,.,.,.,.,X,.,O,.,.,.,.,O,.,X,X,O,X,O,O,.,I7
.,.,.,.,.,.,.,.,.,.,.,.,.,.,.,.,.,.,.,.,.,.,.,.,.,.,X,.,O,.,.,.,.,O,.,X,X,O,X,O,O,X,I4
.,.,.,.,.,.,.,.,.,.,.,.,.,.,.,.,.,.,.,.,.,.,.,.,.,.,X,.,O,.,.,O,.,O,.,X,X,O,X,O,O,X,R4
.,.,.,.,.,.,.,.,.,.,.,.,.,.,.,.,.,.,.,.,.,.,.,.,.,.,.,.,.,.,.,.,.,.,.,.,.,.,.,.,.,.,I1
.,.,.,.,.,.,.,.,.,.,.,.,.,.,.,.,.,.,.,.,.,.,.,.,.,.,.,.,.,.,.,.,.,.,.,O,.,.,.,.,.,.,I2
.,.,.,.,.,.,.,.,.,.,.,.,.,.,.,.,.,.,.,.,.,.,.,.,.,.,.,.,.,.,.,.,.,.,.,O,X,.,.,.,.,.,I2
.,.,.,.,.,.,.,.,.,.,.,.,.,.,.,.,.,.,.,.,.,.,.,.,.,.,.,.,.,O,.,.,.,.,.,O,X,.,.,.,.,.,I3
.,.,.,.,.,.,.,.,.,.,.,.,.,.,.,.,.,.,.,.,.,.,.,.,.,.,.,.,.,O,.,.,.,.,.,O,X,X,.,.,.,.,I4
.,.,.,.,.,.,.,.,.,.,.,.,.,.,.,.,.,.,.,.,.,.,.,.,.,.,.,.,.,O,.,.,.,.,.,O,X,X,O,.,.,.,I2
.,.,.,.,.,.,.,.,.,.,.,.,.,.,.,.,.,.,.,.,.,.,X,.,.,.,.,.,.,O,.,.,.,.,.,O,X,X,O,.,.,.,I3
.,.,.,.,.,.,.,.,.,.,.,.,.,.,.,.,.,.,.,.,.,.,X,.,.,.,.,.,.,O,O,.,.,.,.,O,X,X,O,.,.,.,I6
.,.,.,.,.,.,.,.,.,.,.,.,.,.,.,.,.,.,.,.,.,.,X,.,.,.,.,.,.,O,O,.,.,.,.,O,X,X,O,.,X,.,I4
.,.,.,.,.,.,.,.,.,.,.,.,.,.,.,.,.,.,.,.,.,.,X,.,.,.,.,.,.,O,O,O,.,.,.,O,X,X,O,.,X,.,R2
.,.,.,.,.,.,.,.,.,.,.,.,.,.,.,.,.,.,.,.,.,.,.,.,.,.,.,.,.,X,O,O,.,.,.,O,O,X,O,.,X,.,I6
.,.,.,.,.,.,.,.,.,.,.,.,.,.,.,.,.,.,.,.,.,.,.,.,.,.,.,.,.,X,O,O,.,O,.,O,O,X,O,.,X,.,R3
.,.,.,.,.,.,.,.,.,.,.,.,.,.,.,.,.,.,.,.,.,.,.,.,.,.,.,.,.,.,.,.,.,.,.,.,.,.,.,.,.,.,I6
.,.,.,.,.,.,.,.,.,.,.,.,.,.,.,.,.,.,.,.,.,.,.,.,.,.,.,.,.,.,.,.,.,.,.,.,.,.,.,.,O,.,I2
.,.,.,.,.,.,.,.,.,.,.,.,.,.,.,.,.,.,.,.,.,.,.,.,.,.,.,.,.,.,.,.,.,.,.,.,X,.,.,.,O,.,I5
.,.,.,.,.,.,.,.,.,.,.,.,.,.,.,.,.,.,.,.,.,.,.,.,.,.,.,.,.,.,.,.,.,.,.,.,X,.,.,O,O,.,I5
.,.,.,.,.,.,.,.,.,.,.,.,.,.,.,.,.,.,.,.,.,.,.,.,.,.,.,.,.,.,.,.,X,.,.,.,X,.,.,O,O,.,I5
.,.,.,.,.,.,.,.,.,.,.,.,.,.,.,.,.,.,.,.,.,.,.,.,.,O,.,.,.,.,.,.,X,.,.,.,X,.,.,O,O,.,I4
.,.,.,.,.,.,.,.,.,.,.,.,.,.,.,.,.,.,.,.,.,.,.,.,.,O,.,.,.,.,.,.,X,.,.,.,X,.,X,O,O,.,I7
.,.,.,.,.,.,.,.,.,.,.,.,.,.,.,.,.,.,.,.,.,.,.,.,.,O,.,.,.,.,.,.,X,.,.,.,X,.,X,O,O,O,I4
.,.,.,.,.,.,.,.,.,.,.,.,.,.,.,.,.,.,.,.,.,.,.,.,.,O,.,.,.,.,.,X,X,.,.,.,X,.,X,O,O,O,I4
.,.,.,.,.,.,.,.,.,.,.,.,.,.,.,.,.,.,.,.,.,.,.,.,O,O,.,.,.,.,.,X,X,.,.,.,X,.,X,O,O,O,I6
.,.,.,.,.,.,.,.,.,.,.,.,.,.,.,.,.,.,.,.,.,.,.,.,O,O,.,.,.,.,.,X,X,X,.,.,X,.,X,O,O,O,I7
.,.,.,.,.,.,.,.,.,.,.,.,.,.,.,.,.,.,.,.,.,.,.,.,O,O,.,.,.,.,.,X,X,X,O,.,X,.,X,O,O,O,I3
.,.,.,.,.,.,.,.,.,.,.,.,.,.,.,.,.,.,.,.,.,.,.,.,O,O,.,.,.,.,.,X,X,X,O,.,X,X,X,O,O,O,R5
.,.,.,.,.,.,.,.,.,.,.,.,.,.,.,.,.,.,.,.,.,.,.,.,.,.,.,.,.,.,.,.,.,.,.,.,.,.,.,.,.,.,I7
.,.,.,.,.,.,.,.,.,.,.,.,.,.,.,.,.,.,.,.,.,.,.,.,.,.,.,.,.,.,.,.,.,.,.,.,.,.,.,.,.,O,I5
.,.,.,.,.,.,.,.,.,.,.,.,.,.,.,.,.,.,.,.,.,.,.,.,.,.,.,.,.,.,.,.,.,.,.,.,.,.,.,X,.,O,I6
.,.,.,.,.,.,.,.,.,.,.,.,.,.,.,.,.,.,.,.,.,.,.,.,.,.,.,.,.,.,.,.,.,.,.,.,.,.,.,X,O,O,I5
.,.,.,.,.,.,.,.,.,.,.,.,.,.,.,.,.,.,.,.,.,.,.,.,.,.,.,.,.,.,.,.,X,.,.,.,.,.,.,X,O,O,I5
.,.,.,.,.,.,.,.,.,.,.,.,.,.,.,.,.,.,.,.,.,.,.,.,.,O,.,.,.,.,.,.,X,.,.,.,.,.,.,X,O,O,I4
.,.,.,.,.,.,.,.,.,.,.,.,.,.,.,.,.,.,.,.,.,.,.,.,.,O,.,.,.,.,.,.,X,.,.,.,.,.,X,X,O,O,I1
.,.,.,.,.,.,.,.,.,.,.,.,.,.,.,.,.,.,.,.,.,.,.,.,.,O,.,.,.,.,.,.,X,.,.,O,.,.,X,X,O,O,R4
.,.,.,.,.,.,.,.,.,.,.,.,.,.,.,.,.,.,.,.,.,.,.,.,.,O,.,.,.,.,.,.,X,.,.,O,.,.,.,X,O,O,I5
.,.,.,.,.,.,.,.,.,.,.,.,.,.,.,.,.,.,O,.,.,.,.,.,.,O,.,.,.,.,.,.,X,.,.,O,.,.,.,X,O,O,I4
.,.,.,.,.,.,.,.,.,.,.,.,.,.,.,.,.,.,O,.,.,.,.,.,.,O,.,.,.,.,.,.,X,.,.,O,.,.,X,X,O,O,I5
.,.,.,.,.,.,.,.,.,.,.,O,.,.,.,.,.,.,O,.,.,.,.,.,.,O,.,.,.,.,.,.,X,.,.,O,.,.,X,X,O,O,I5
.,.,.,.,X,.,.,.,.,.,.,O,.,.,.,.,.,.,O,.,.,.,.,.,.,O,.,.,.,.,.,.,X,.,.,O,.,.,X,X,O,O,I7
.,.,.,.,X,.,.,.,.,.,.,O,.,.,.,.,.,.,O,.,.,.,.,.,.,O,.,.,.,.,.,.,X,.,O,O,.,.,X,X,O,O,I3
.,.,.,.,X,.,.,.,.,.,.,O,.,.,.,.,.,.,O,.,.,.,.,.,.,O,.,.,.,.,.,.,X,.,O,O,.,X,X,X,O,O,I7
.,.,.,.,X,.,.,.,.,.,.,O,.,.,.,.,.,.,O,.,.,.,.,.,.,O,.,O,.,.,.,.,X,.,O,O,.,X,X,X,O,O,I1
.,.,.,.,X,.,.,.,.,.,.,O,.,.,.,.,.,.,O,.,.,.,.,.,.,O,.,O,X,.,.,.,X,.,O,O,.,X,X,X,O,O,I2
.,.,.,.,X,.,.,.,.,.,.,O,.,.,.,.,.,.,O,.,.,.,.,.,.,O,.,O,X,.,.,.,X,.,O,O,O,X,X,X,O,O,I7
.,.,.,.,X,.,.,.,.,.,.,O,.,.,.,.,.,.,O,.,X,.,.,.,.,O,.,O,X,.,.,.,X,.,O,O,O,X,X,X,O,O,I2
.,.,.,.,X,.,.,.,.,.,.,O,.,.,.,.,.,.,O,.,X,.,.,.,.,O,.,O,X,O,.,.,X,.,O,O,O,X,X,X,O,O,I6
.,.,.,.,X,.,.,.,.,.,.,O,.,.,.,.,.,.,O,.,X,.,.,.,.,O,.,O,X,O,.,.,X,X,O,O,O,X,X,X,O,O,R6
.,.,.,.,.,.,.,.,.,.,.,.,.,.,.,.,.,.,.,.,.,.,.,.,.,.,.,.,.,.,.,.,.,.,.,.,.,.,.,.,.,.,I4
.,.,.,.,.,.,.,.,.,.,.,.,.,.,.,.,.,.,.,.,.,.,.,.,.,.,.,.,.,.,.,.,.,.,.,.,.,.,O,.,.,.,I7
.,.,.,.,.,.,.,.,.,.,.,.,.,.,.,.,.,.,.,.,.,.,.,.,.,.,.,.,.,.,.,.,.,.,.,.,.,.,O,.,.,X,I5
.,.,.,.,.,.,.,.,.,.,.,.,.,.,.,.,.,.,.,.,.,.,.,.,.,.,.,.,.,.,.,.,.,.,.,.,.,.,O,O,.,X,I6
.,.,.,.,.,.,.,.,.,.,.,.,.,.,.,.,.,.,.,.,.,.,.,.,.,.,.,.,.,.,.,.,.,.,.,.,.,.,O,O,X,X,I7
.,.,.,.,.,.,.,.,.,.,.,.,.,.,.,.,.,.,.,.,.,.,.,.,.,.,.,.,.,.,.,.,.,.,O,.,.,.,O,O,X,X,I4
.,.,.,.,.,.,.,.,.,.,.,.,.,.,.,.,.,.,.,.,.,.,.,.,.,.,.,.,.,.,.,X,.,.,O,.,.,.,O,O,X,X,I6
.,.,.,.,.,.,.,.,.,.,.,.,.,.,.,.,.,.,.,.,.,.,.,.,.,.,.,.,.,.,.,X,.,O,O,.,.,.,O,O,X,X,I5
.,.,.,.,.,.,.,.,.,.,.,.,.,.,.,.,.,.,.,.,.,.,.,.,.,.,.,.,.,.,.,X,X,O,O,.,.,.,O,O,X,X,I3
.,.,.,.,.,.,.,.,.,.,.,.,.,.,.,.,.,.,.,.,.,.,.,.,.,.,.,.,.,.,.,X,X,O,O,.,.,O,O,O,X,X,R6
.,.,.,.,.,.,.,.,.,.,.,.,.,.,.,.,.,.,.,.,.,.,.,.,.,.,.,.,.,.,.,.,.,.,.,.,.,.,.,.,.,.,I4
.,.,.,.,.,.,.,.,.,.,.,.,.,.,.,.,.,.,.,.,.,.,.,.,.,.,.,.,.,.,.,.,.,.,.,.,.,.,O,.,.,.,I4
.,.,.,.,.,.,.,.,.,.,.,.,.,.,.,.,.,.,.,.,.,.,.,.,.,.,.,.,.,.,.,X,.,.,.,.,.,.,O,.,.,.,I2
.,.,.,.,.,.,.,.,.,.,.,.,.,.,.,.,.,.,.,.,.,.,.,.,.,.,.,.,.,.,.,X,.,.,.,.,O,.,O,.,.,.,I1
.,.,.,.,.,.,.,.,.,.,.,.,.,.,.,.,.,.,.,.,.,.,.,.,.,.,.,.,.,.,.,X,.,.,.,X,O,.,O,.,.,.,I6
.,.,.,.,.,.,.,.,.,.,.,.,.,.,.,.,.,.,.,.,.,.,.,.,.,.,.,.,.,.,.,X,.,.,.,X,O,.,O,.,O,.,I5
.,.,.,.,.,.,.,.,.,.,.,.,.,.,.,.,.,.,.,.,.,.,.,.,.,.,.,.,.,.,.,X,.,.,.,X,O,.,O,X,O,.,I6
.,.,.,.,.,.,.,.,.,.,.,.,.,.,.,.,.,.,.,.,.,.,.,.,.,.,.,.,.,.,.,X,.,O,.,X,O,.,O,X,O,.,I2
.,.,.,.,.,.,.,.,.,.,.,.,.,.,.,.,.,.,.,.,.,.,.,.,.,.,.,.,.,X,.,X,.,O,.,X,O,.,O,X,O,.,I6
.,.,.,.,.,.,.,.,.,.,.,.,.,.,.,.,.,.,.,.,.,.,.,.,.,.,O,.,.,X,.,X,.,O,.,X,O,.,O,X,O,.,I4
.,.,.,.,.,.,.,.,.,.,.,.,.,.,.,.,.,.,.,.,.,.,.,.,X,.,O,.,.,X,.,X,.,O,.,X,O,.,O,X,O,.,I5
.,.,.,.,.,.,.,.,.,.,.,.,.,.,.,.,.,.,.,.,.,.,.,.,X,.,O,.,.,X,.,X,O,O,.,X,O,.,O,X,O,.,I3
.,.,.,.,.,.,.,.,.,.,.,.,.,.,.,.,.,.,.,.,.,.,.,.,X,.,O,.,.,X,.,X,O,O,.,X,O,X,O,X,O,.,I5
.,.,.,.,.,.,.,.,.,.,.,.,.,.,.,.,.,.,.,.,.,.,.,.,X,O,O,.,.,X,.,X,O,O,.,X,O,X,O,X,O,.,I6
.,.,.,.,.,.,.,.,.,.,.,.,.,.,.,.,.,.,.,X,.,.,.,.,X,O,O,.,.,X,.,X,O,O,.,X,O,X,O,X,O,.,I5
.,.,.,.,.,.,.,.,.,.,.,.,.,.,.,.,.,.,O,X,.,.,.,.,X,O,O,.,.,X,.,X,O,O,.,X,O,X,O,X,O,.,I4
.,.,.,.,.,.,.,.,.,.,.,.,.,.,.,.,.,X,O,X,.,.,.,.,X,O,O,.,.,X,.,X,O,O,.,X,O,X,O,X,O,.,I4
.,.,.,.,.,.,.,.,.,.,O,.,.,.,.,.,.,X,O,X,.,.,.,.,X,O,O,.,.,X,.,X,O,O,.,X,O,X,O,X,O,.,I6
.,.,.,.,.,.,.,.,.,.,O,.,X,.,.,.,.,X,O,X,.,.,.,.,X,O,O,.,.,X,.,X,O,O,.,X,O,X,O,X,O,.,I7
.,.,.,.,.,.,.,.,.,.,O,.,X,.,.,.,.,X,O,X,.,.,.,.,X,O,O,.,.,X,.,X,O,O,.,X,O,X,O,X,O,O,R5
.,.,.,.,.,.,.,.,.,.,.,.,.,.,.,.,.,.,.,.,.,.,.,.,.,.,.,.,.,.,.,.,.,.,.,.,.,.,.,.,.,.,I2
.,.,.,.,.,.,.,.,.,.,.,.,.,.,.,.,.,.,.,.,.,.,.,.,.,.,.,.,.,.,.,.,.,.,.,.,O,.,.,.,.,.,I4
.,.,.,.,.,.,.,.,.,.,.,.,.,.,.,.,.,.,.,.,.,.,.,.,.,.,.,.,.,.,.,.,.,.,.,.,O,.,X,.,.,.,I2
.,.,.,.,.,.,.,.,.,.,.,.,.,.,.,.,.,.,.,.,.,.,.,.,.,.,.,.,.,O,.,.,.,.,.,.,O,.,X,.,.,.,I5
.,.,.,.,.,.,.,.,.,.,.,.,.,.,.,.,.,.,.,.,.,.,.,.,.,.,.,.,.,O,.,.,.,.,.,.,O,.,X,X,.,.,I2
.,.,.,.,.,.,.,.,.,.,.,.,.,.,.,.,.,.,.,.,.,.,O,.,.,.,.,.,.,O,.,.,.,.,.,.,O,.,X,X,.,.,I2
.,.,.,.,.,.,.,.,.,.,.,.,.,.,.,X,.,.,.,.,.,.,O,.,.,.,.,.,.,O,.,.,.,.,.,.,O,.,X,X,.,.,I2
.,.,.,.,.,.,.,.,O,.,.,.,.,.,.,X,.,.,.,.,.,.,O,.,.,.,.,.,.,O,.,.,.,.,.,.,O,.,X,X,.,.,I3
.,.,.,.,.,.,.,.,O,.,.,.,.,.,.,X,.,.,.,.,.,.,O,.,.,.,.,.,.,O,.,.,.,.,.,.,O,X,X,X,.,.,I5
.,.,.,.,.,.,.,.,O,.,.,.,.,.,.,X,.,.,.,.,.,.,O,.,.,.,.,.,.,O,.,.,O,.,.,.,O,X,X,X,.,.,I3
.,.,.,.,.,.,.,.,O,.,.,.,.,.,.,X,.,.,.,.,.,.,O,.,.,.,.,.,.,O,X,.,O,.,.,.,O,X,X,X,.,.,I3
.,.,.,.,.,.,.,.,O,.,.,.,.,.,.,X,.,.,.,.,.,.,O,O,.,.,.,.,.,O,X,.,O,.,.,.,O,X,X,X,.,.,I2
.,X,.,.,.,.,.,.,O,.,.,.,.,.,.,X,.,.,.,.,.,.,O,O,.,.,.,.,.,O,X,.,O,.,.,.,O,X,X,X,.,.,I5
.,X,.,.,.,.,.,.,O,.,.,.,.,.,.,X,.,.,.,.,.,.,O,O,.,O,.,.,.,O,X,.,O,.,.,.,O,X,X,X,.,.,I4
.,X,.,.,.,.,.,.,O,.,.,.,.,.,.,X,.,.,.,.,.,.,O,O,.,O,.,.,.,O,X,X,O,.,.,.,O,X,X,X,.,.,I6
.,X,.,.,.,.,.,.,O,.,.,.,.,.,.,X,.,.,.,.,.,.,O,O,.,O,.,.,.,O,X,X,O,.,.,.,O,X,X,X,O,.,I4
.,X,.,.,.,.,.,.,O,.,.,.,.,.,.,X,.,.,.,.,.,.,O,O,X,O,.,.,.,O,X,X,O,.,.,.,O,X,X,X,O,.,I6
.,X,.,.,.,.,.,.,O,.,.,.,.,.,.,X,.,.,.,.,.,.,O,O,X,O,.,.,.,O,X,X,O,O,.,.,O,X,X,X,O,.,I3
.,X,.,.,.,.,.,.,O,.,.,.,.,.,.,X,X,.,.,.,.,.,O,O,X,O,.,.,.,O,X,X,O,O,.,.,O,X,X,X,O,.,I4
.,X,.,.,.,.,.,.,O,.,.,.,.,.,.,X,X,O,.,.,.,.,O,O,X,O,.,.,.,O,X,X,O,O,.,.,O,X,X,X,O,.,R4
.,.,.,.,.,.,.,.,.,.,.,.,.,.,.,.,.,.,.,.,.,.,.,.,.,.,.,.,.,.,.,.,.,.,.,.,.,.,.,.,.,.,I3
.,.,.,.,.,.,.,.,.,.,.,.,.,.,.,.,.,.,.,.,.,.,.,.,.,.,.,.,.,.,.,.,.,.,.,.,.,O,.,.,.,.,I2
.,.,.,.,.,.,.,.,.,.,.,.,.,.,.,.,.,.,.,.,.,.,.,.,.,.,.,.,.,.,.,.,.,.,.,.,X,O,.,.,.,.,I2
.,.,.,.,.,.,.,.,.,.,.,.,.,.,.,.,.,.,.,.,.,.,.,.,.,.,.,.,.,O,.,.,.,.,.,.,X,O,.,.,.,.,I5
.,.,.,.,.,.,.,.,.,.,.,.,.,.,.,.,.,.,.,.,.,.,.,.,.,.,.,.,.,O,.,.,.,.,.,.,X,O,.,X,.,.,I1
.,.,.,.,.,.,.,.,.,.,.,.,.,.,.,.,.,.,.,.,.,.,.,.,.,.,.,.,.,O,.,.,.,.,.,O,X,O,.,X,.,.,I5
.,.,.,.,.,.,.,.,.,.,.,.,.,.,.,.,.,.,.,.,.,.,.,.,.,.,.,.,.,O,.,.,X,.,.,O,X,O,.,X,.,.,I3
.,.,.,.,.,.,.,.,.,.,.,.,.,.,.,.,.,.,.,.,.,.,.,.,.,.,.,.,.,O,O,.,X,.,.,O,X,O,.,X,.,.,I5
.,.,.,.,.,.,.,.,.,.,.,.,.,.,.,.,.,.,.,.,.,.,.,.,.,X,.,.,.,O,O,.,X,.,.,O,X,O,.,X,.,.,I5
.,.,.,.,.,.,.,.,.,.,.,.,.,.,.,.,.,.,O,.,.,.,.,.,.,X,.,.,.,O,O,.,X,.,.,O,X,O,.,X,.,.,I7
.,.,.,.,.,.,.,.,.,.,.,.,.,.,.,.,.,.,O,.,.,.,.,.,.,X,.,.,.,O,O,.,X,.,.,O,X,O,.,X,.,X,I4
.,.,.,.,.,.,.,.,.,.,.,.,.,.,.,.,.,.,O,.,.,.,.,.,.,X,.,.,.,O,O,.,X,.,.,O,X,O,O,X,.,X,R2
.,.,.,.,.,.,.,.,.,.,.,.,.,.,.,.,.,.,.,.,.,.,.,.,.,.,.,.,.,.,.,.,.,.,.,.,.,.,.,.,.,.,I4
.,.,.,.,.,.,.,.,.,.,.,.,.,.,.,.,.,.,.,.,.,.,.,.,.,.,.,.,.,.,.,.,.,.,.,.,.,.,O,.,.,.,I5
.,.,.,.,.,.,.,.,.,.,.,.,.,.,.,.,.,.,.,.,.,.,.,.,.,.,.,.,.,.,.,.,.,.,.,.,.,.,O,X,.,.,I4
.,.,.,.,.,.,.,.,.,.,.,.,.,.,.,.,.,.,.,.,.,.,.,.,.,.,.,.,.,.,.,O,.,.,.,.,.,.,O,X,.,.,I3
.,.,.,.,.,.,.,.,.,.,.,.,.,.,.,.,.,.,.,.,.,.,.,.,.,.,.,.,.,.,.,O,.,.,.,.,.,X,O,X,.,.,I4
.,.,.,.,.,.,.,.,.,.,.,.,.,.,.,.,.,.,.,.,.,.,.,.,O,.,.,.,.,.,.,O,.,.,.,.,.,X,O,X,.,.,I5
.,.,.,.,.,.,.,.,.,.,.,.,.,.,.,.,.,.,.,.,.,.,.,.,O,.,.,.,.,.,.,O,X,.,.,.,.,X,O,X,.,.,I7
.,.,.,.,.,.,.,.,.,.,.,.,.,.,.,.,.,.,.,.,.,.,.,.,O,.,.,.,.,.,.,O,X,.,.,.,.,X,O,X,.,O,I5
.,.,.,.,.,.,.,.,.,.,.,.,.,.,.,.,.,.,.,.,.,.,.,.,O,X,.,.,.,.,.,O,X,.,.,.,.,X,O,X,.,O,I5
.,.,.,.,.,.,.,.,.,.,.,.,.,.,.,.,.,.,O,.,.,.,.,.,O,X,.,.,.,.,.,O,X,.,.,.,.,X,O,X,.,O,I4
.,.,.,.,.,.,.,.,.,.,.,.,.,.,.,.,.,X,O,.,.,.,.,.,O,X,.,.,.,.,.,O,X,.,.,.,.,X,O,X,.,O,I6
.,.,.,.,.,.,.,.,.,.,.,.,.,.,.,.,.,X,O,.,.,.,.,.,O,X,.,.,.,.,.,O,X,.,.,.,.,X,O,X,O,O,I1
.,.,.,.,.,.,.,.,.,.,.,.,.,.,.,.,.,X,O,.,.,.,.,.,O,X,.,.,.,.,.,O,X,.,.,X,.,X,O,X,O,O,I7
.,.,.,.,.,.,.,.,.,.,.,.,.,.,.,.,.,X,O,.,.,.,.,.,O,X,.,.,.,.,.,O,X,.,O,X,.,X,O,X,O,O,I3
.,.,.,.,.,.,.,.,.,.,.,.,.,.,.,.,.,X,O,.,.,.,.,.,O,X,.,.,.,.,X,O,X,.,O,X,.,X,O,X,O,O,I7
.,.,.,.,.,.,.,.,.,.,.,.,.,.,.,.,.,X,O,.,.,.,.,.,O,X,.,O,.,.,X,O,X,.,O,X,.,X,O,X,O,O,I2
.,.,.,.,.,.,.,.,.,.,.,.,.,.,.,.,.,X,O,.,.,.,.,.,O,X,.,O,.,.,X,O,X,.,O,X,X,X,O,X,O,O,I4
.,.,.,.,.,.,.,.,.,.,O,.,.,.,.,.,.,X,O,.,.,.,.,.,O,X,.,O,.,.,X,O,X,.,O,X,X,X,O,X,O,O,I3
.,.,.,.,.,.,.,.,.,.,O,.,.,.,.,.,.,X,O,.,.,.,.,X,O,X,.,O,.,.,X,O,X,.,O,X,X,X,O,X,O,O,I3
.,.,.,.,.,.,.,.,.,.,O,.,.,.,.,.,O,X,O,.,.,.,.,X,O,X,.,O,.,.,X,O,X,.,O,X,X,X,O,X,O,O,I4
.,.,.,X,.,.,.,.,.,.,O,.,.,.,.,.,O,X,O,.,.,.,.,X,O,X,.,O,.,.,X,O,X,.,O,X,X,X,O,X,O,O,I2
.,.,.,X,.,.,.,.,.,.,O,.,.,.,.,.,O,X,O,.,.,.,.,X,O,X,.,O,.,O,X,O,X,.,O,X,X,X,O,X,O,O,I5
.,.,.,X,.,.,.,.,.,.,O,X,.,.,.,.,O,X,O,.,.,.,.,X,O,X,.,O,.,O,X,O,X,.,O,X,X,X,O,X,O,O,I2
.,.,.,X,.,.,.,.,.,.,O,X,.,.,.,.,O,X,O,.,.,.,O,X,O,X,.,O,.,O,X,O,X,.,O,X,X,X,O,X,O,O,R2
.,.,.,X,.,.,.,.,.,.,O,X,.,.,.,.,O,X,O,.,.,.,.,X,O,X,.,O,.,O,X,O,X,.,O,X,O,X,O,X,O,O,I2
.,.,.,X,.,.,.,.,.,.,O,X,.,.,.,.,O,X,O,.,.,.,O,X,O,X,.,O,.,O,X,O,X,.,O,X,O,X,O,X,O,O,I2
.,.,.,X,.,.,.,.,.,.,O,X,.,.,.,X,O,X,O,.,.,.,O,X,O,X,.,O,.,O,X,O,X,.,O,X,O,X,O,X,O,O,I3
.,.,.,X,.,.,.,.,.,O,O,X,.,.,.,X,O,X,O,.,.,.,O,X,O,X,.,O,.,O,X,O,X,.,O,X,O,X,O,X,O,O,I6
.,.,.,X,.,.,.,.,.,O,O,X,.,.,.,X,O,X,O,.,.,.,O,X,O,X,.,O,.,O,X,O,X,X,O,X,O,X,O,X,O,O,I2
.,.,.,X,.,.,.,.,O,O,O,X,.,.,.,X,O,X,O,.,.,.,O,X,O,X,.,O,.,O,X,O,X,X,O,X,O,X,O,X,O,O,I6
.,.,.,X,.,.,.,.,O,O,O,X,.,.,.,X,O,X,O,.,.,.,O,X,O,X,X,O,.,O,X,O,X,X,O,X,O,X,O,X,O,O,R4
.,.,.,.,.,.,.,.,.,.,.,.,.,.,.,.,.,.,.,.,.,.,.,.,.,.,.,.,.,.,.,.,.,.,.,.,.,.,.,.,.,.,I7
.,.,.,.,.,.,.,.,.,.,.,.,.,.,.,.,.,.,.,.,.,.,.,.,.,.,.,.,.,.,.,.,.,.,.,.,.,.,.,.,.,O,I3
.,.,.,.,.,.,.,.,.,.,.,.,.,.,.,.,.,.,.,.,.,.,.,.,.,.,.,.,.,.,.,.,.,.,.,.,.,X,.,.,.,O,I6
.,.,.,.,.,.,.,.,.,.,.,.,.,.,.,.,.,.,.,.,.,.,.,.,.,.,.,.,.,.,.,.,.,.,.,.,.,X,.,.,O,O,I4
.,.,.,.,.,.,.,.,.,.,.,.,.,.,.,.,.,.,.,.,.,.,.,.,.,.,.,.,.,.,.,.,.,.,.,.,.,X,X,.,O,O,I1
.,.,.,.,.,.,.,.,.,.,.,.,.,.,.,.,.,.,.,.,.,.,.,.,.,.,.,.,.,.,.,.,.,.,.,O,.,X,X,.,O,O,R3
.,.,.,.,.,.,.,.,.,.,.,.,.,.,.,.,.,.,.,.,.,.,.,.,.,.,.,.,.,.,.,.,.,.,.,O,.,.,X,.,O,O,I4
.,.,.,.,.,.,.,.,.,.,.,.,.,.,.,.,.,.,.,.,.,.,.,.,.,.,.,.,.,.,.,O,.,.,.,O,.,.,X,.,O,O,I4
.,.,.,.,.,.,.,.,.,.,.,.,.,.,.,.,.,.,.,.,.,.,.,.,X,.,.,.,.,.,.,O,.,.,.,O,.,.,X,.,O,O,I6
.,.,.,.,.,.,.,.,.,.,.,.,.,.,.,.,.,.,.,.,.,.,.,.,X,.,.,.,.,.,.,O,.,O,.,O,.,.,X,.,O,O,I7
.,.,.,.,.,.,.,.,.,.,.,.,.,.,.,.,.,.,.,.,.,.,.,.,X,.,.,.,.,.,.,O,.,O,X,O,.,.,X,.,O,O,I6
.,.,.,.,.,.,.,.,.,.,.,.,.,.,.,.,.,.,.,.,.,.,.,.,X,.,O,.,.,.,.,O,.,O,X,O,.,.,X,.,O,O,I6
.,.,.,.,.,.,.,.,.,.,.,.,.,.,.,.,.,.,.,X,.,.,.,.,X,.,O,.,.,.,.,O,.,O,X,O,.,.,X,.,O,O,I3
.,.,.,.,.,.,.,.,.,.,.,.,.,.,.,.,.,.,.,X,.,.,.,.,X,.,O,.,.,.,.,O,.,O,X,O,.,O,X,.,O,O,R4
.,.,.,.,.,.,.,.,.,.,.,.,.,.,.,.,.,.,.,X,.,.,.,.,.,.,O,.,.,.,.,X,.,O,X,O,.,O,O,.,O,O,R7
.,.,.,.,.,.,.,.,.,.,.,.,.,.,.,.,.,.,.,X,.,.,.,.,.,.,O,.,.,.,.,X,.,O,.,O,.,O,O,.,O,X,I3
.,.,.,.,.,.,.,.,.,.,.,.,.,.,.,.,.,.,.,X,.,.,.,.,.,.,O,.,.,.,X,X,.,O,.,O,.,O,O,.,O,X,I6
.,.,.,.,.,.,.,.,.,.,.,.,O,.,.,.,.,.,.,X,.,.,.,.,.,.,O,.,.,.,X,X,.,O,.,O,.,O,O,.,O,X,I5
.,.,.,.,.,.,.,.,.,.,.,.,O,.,.,.,.,.,.,X,.,.,.,.,.,.,O,.,.,.,X,X,.,O,.,O,.,O,O,X,O,X,I6
.,.,.,.,.,O,.,.,.,.,.,.,O,.,.,.,.,.,.,X,.,.,.,.,.,.,O,.,.,.,X,X,.,O,.,O,.,O,O,X,O,X,I7
.,.,.,.,.,O,.,.,.,.,.,.,O,.,.,.,.,.,.,X,.,.,.,.,.,.,O,.,.,.,X,X,.,O,X,O,.,O,O,X,O,X,I7
.,.,.,.,.,O,.,.,.,.,.,.,O,.,.,.,.,.,.,X,.,.,.,.,.,.,O,O,.,.,X,X,.,O,X,O,.,O,O,X,O,X,R7
.,.,.,.,.,O,.,.,.,.,.,.,O,.,.,.,.,.,.,X,.,.,.,.,.,.,O,.,.,.,X,X,.,O,O,O,.,O,O,X,O,X,I7
.,.,.,.,.,O,.,.,.,.,.,.,O,.,.,.,.,.,.,X,.,.,.,.,.,.,O,O,.,.,X,X,.,O,O,O,.,O,O,X,O,X,I3
.,.,.,.,.,O,.,.,.,.,.,.,O,.,.,.,.,.,.,X,.,.,.,X,.,.,O,O,.,.,X,X,.,O,O,O,.,O,O,X,O,X,I4
.,.,.,.,.,O,.,.,.,.,.,.,O,.,.,.,.,.,.,X,.,.,.,X,O,.,O,O,.,.,X,X,.,O,O,O,.,O,O,X,O,X,I5
.,.,.,.,.,O,.,.,.,.,.,.,O,.,.,.,.,.,.,X,.,.,.,X,O,.,O,O,.,.,X,X,X,O,O,O,.,O,O,X,O,X,I7
.,.,.,.,.,O,.,.,.,.,.,.,O,.,.,.,.,.,.,X,O,.,.,X,O,.,O,O,.,.,X,X,X,O,O,O,.,O,O,X,O,X,I5
.,.,.,.,.,O,.,.,.,.,.,.,O,.,.,.,.,.,.,X,O,.,.,X,O,X,O,O,.,.,X,X,X,O,O,O,.,O,O,X,O,X,R3
.,.,.,.,.,.,.,.,.,.,.,.,.,.,.,.,.,.,.,.,.,.,.,.,.,.,.,.,.,.,.,.,.,.,.,.,.,.,.,.,.,.,I5
.,.,.,.,.,.,.,.,.,.,.,.,.,.,.,.,.,.,.,.,.,.,.,.,.,.,.,.,.,.,.,.,.,.,.,.,.,.,.,O,.,.,I6
.,.,.,.,.,.,.,.,.,.,.,.,.,.,.,.,.,.,.,.,.,.,.,.,.,.,.,.,.,.,.,.,.,.,.,.,.,.,.,O,X,.,I2
.,.,.,.,.,.,.,.,.,.,.,.,.,.,.,.,.,.,.,.,.,.,.,.,.,.,.,.,.,.,.,.,.,.,.,.,O,.,.,O,X,.,I2
.,.,.,.,.,.,.,.,.,.,.,.,.,.,.,.,.,.,.,.,.,.,.,.,.,.,.,.,.,X,.,.,.,.,.,.,O,.,.,O,X,.,I5
.,.,.,.,.,.,.,.,.,.,.,.,.,.,.,.,.,.,.,.,.,.,.,.,.,.,.,.,.,X,.,.,O,.,.,.,O,.,.,O,X,.,I5
.,.,.,.,.,.,.,.,.,.,.,.,.,.,.,.,.,.,.,.,.,.,.,.,.,X,.,.,.,X,.,.,O,.,.,.,O,.,.,O,X,.,R5
.,.,.,.,.,.,.,.,.,.,.,.,.,.,.,.,.,.,.,.,.,.,.,.,.,.,.,.,.,X,.,.,X,.,.,.,O,.,.,O,X,.,I3
.,.,.,.,.,.,.,.,.,.,.,.,.,.,.,.,.,.,.,.,.,.,.,.,.,.,.,.,.,X,.,.,X,.,.,.,O,X,.,O,X,.,R2
.,.,.,.,.,.,.,.,.,.,.,.,.,.,.,.,.,.,.,.,.,.,.,.,.,.,.,.,.,.,.,.,X,.,.,.,X,X,.,O,X,.,I4
.,.,.,.,.,.,.,.,.,.,.,.,.,.,.,.,.,.,.,.,.,.,.,.,.,.,.,.,.,.,.,.,X,.,.,.,X,X,X,O,X,.,R5
.,.,.,.,.,.,.,.,.,.,.,.,.,.,.,.,.,.,.,.,.,.,.,.,.,.,.,.,.,.,.,.,.,.,.,.,.,.,.,.,.,.,I5
.,.,.,.,.,.,.,.,.,.,.,.,.,.,.,.,.,.,.,.,.,.,.,.,.,.,.,.,.,.,.,.,.,.,.,.,.,.,.,O,.,.,I1
.,.,.,.,.,.,.,.,.,.,.,.,.,.,.,.,.,.,.,.,.,.,.,.,.,.,.,.,.,.,.,.,.,.,.,X,.,.,.,O,.,.,I1
.,.,.,.,.,.,.,.,.,.,.,.,.,.,.,.,.,.,.,.,.,.,.,.,.,.,.,.,O,.,.,.,.,.,.,X,.,.,.,O,.,.,I4
.,.,.,.,.,.,.,.,.,.,.,.,.,.,.,.,.,.,.,.,.,.,.,.,.,.,.,.,O,.,.,.,.,.,.,X,.,.,X,O,.,.,I4
.,.,.,.,.,.,.,.,.,.,.,.,.,.,.,.,.,.,.,.,.,.,.,.,.,.,.,.,O,.,.,O,.,.,.,X,.,.,X,O,.,.,I5
.,.,.,.,.,.,.,.,.,.,.,.,.,.,.,.,.,.,.,.,.,.,.,.,.,.,.,.,O,.,.,O,X,.,.,X,.,.,X,O,.,.,I4
.,.,.,.,.,.,.,.,.,.,.,.,.,.,.,.,.,.,.,.,.,.,.,.,O,.,.,.,O,.,.,O,X,.,.,X,.,.,X,O,.,.,R1
.,.,.,.,.,.,.,.,.,.,.,.,.,.,.,.,.,.,.,.,.,.,.,.,O,.,.,.,.,.,.,O,X,.,.,O,.,.,X,O,.,.,I5
.,.,.,.,.,.,.,.,.,.,.,.,.,.,.,.,.,.,.,.,.,.,.,.,O,O,.,.,.,.,.,O,X,.,.,O,.,.,X,O,.,.,I6
.,.,.,.,.,.,.,.,.,.,.,.,.,.,.,.,.,.,.,.,.,.,.,.,O,O,.,.,.,.,.,O,X,.,.,O,.,.,X,O,X,.,I6
.,.,.,.,.,.,.,.,.,.,.,.,.,.,.,.,.,.,.,.,.,.,.,.,O,O,.,.,.,.,.,O,X,O,.,O,.,.,X,O,X,.,I4
.,.,.,.,.,.,.,.,.,.,.,.,.,.,.,.,.,X,.,.,.,.,.,.,O,O,.,.,.,.,.,O,X,O,.,O,.,.,X,O,X,.,I7
.,.,.,.,.,.,.,.,.,.,.,.,.,.,.,.,.,X,.,.,.,.,.,.,O,O,.,.,.,.,.,O,X,O,.,O,.,.,X,O,X,O,I7
.,.,.,.,.,.,.,.,.,.,.,.,.,.,.,.,.,X,.,.,.,.,.,.,O,O,.,.,.,.,.,O,X,O,X,O,.,.,X,O,X,O,I7
.,.,.,.,.,.,.,.,.,.,.,.,.,.,.,.,.,X,.,.,.,.,.,.,O,O,.,O,.,.,.,O,X,O,X,O,.,.,X,O,X,O,I5
.,.,.,.,.,.,.,.,.,.,.,.,.,.,.,.,.,X,X,.,.,.,.,.,O,O,.,O,.,.,.,O,X,O,X,O,.,.,X,O,X,O,R7
.,.,.,.,.,.,.,.,.,.,.,.,.,.,.,.,.,X,X,.,.,.,.,.,O,O,.,.,.,.,.,O,X,O,O,O,.,.,X,O,X,X,I7
.,.,.,.,.,.,.,.,.,.,.,.,.,.,.,.,.,X,X,.,.,.,.,.,O,O,.,X,.,.,.,O,X,O,O,O,.,.,X,O,X,X,I6
.,.,.,.,.,.,.,.,.,.,.,.,.,.,.,.,.,X,X,.,.,.,.,.,O,O,O,X,.,.,.,O,X,O,O,O,.,.,X,O,X,X,R7
.,.,.,.,.,.,.,.,.,.,.,.,.,.,.,.,.,X,X,.,.,.,.,.,O,O,O,.,.,.,.,O,X,O,X,O,.,.,X,O,X,O,I2
.,.,.,.,.,.,.,.,.,.,.,.,.,.,.,.,.,X,X,.,.,.,.,.,O,O,O,.,.,.,.,O,X,O,X,O,O,.,X,O,X,O,I6
.,.,.,.,.,.,.,.,.,.,.,.,.,.,.,.,.,X,X,X,.,.,.,.,O,O,O,.,.,.,.,O,X,O,X,O,O,.,X,O,X,O,R2
.,.,.,.,.,.,.,.,.,.,.,.,.,.,.,.,.,X,X,X,.,.,.,.,O,O,O,.,.,.,.,O,X,O,X,O,.,.,X,O,X,O,I4
.,.,.,.,.,.,.,.,.,.,X,.,.,.,.,.,.,X,X,X,.,.,.,.,O,O,O,.,.,.,.,O,X,O,X,O,.,.,X,O,X,O,I5
.,.,.,.,.,.,.,.,.,.,X,O,.,.,.,.,.,X,X,X,.,.,.,.,O,O,O,.,.,.,.,O,X,O,X,O,.,.,X,O,X,O,I7
.,.,.,.,.,.,.,.,.,.,X,O,.,.,.,.,.,X,X,X,.,.,.,.,O,O,O,X,.,.,.,O,X,O,X,O,.,.,X,O,X,O,I7
.,.,.,.,.,.,.,.,.,.,X,O,.,.,.,.,.,X,X,X,O,.,.,.,O,O,O,X,.,.,.,O,X,O,X,O,.,.,X,O,X,O,I3
.,.,.,.,.,.,.,.,.,.,X,O,.,.,.,.,.,X,X,X,O,.,.,.,O,O,O,X,.,.,.,O,X,O,X,O,.,X,X,O,X,O,R5
.,.,.,.,.,.,.,.,.,.,.,.,.,.,.,.,.,.,.,.,.,.,.,.,.,.,.,.,.,.,.,.,.,.,.,.,.,.,.,.,.,.,I3
.,.,.,.,.,.,.,.,.,.,.,.,.,.,.,.,.,.,.,.,.,.,.,.,.,.,.,.,.,.,.,.,.,.,.,.,.,O,.,.,.,.,I5
.,.,.,.,.,.,.,.,.,.,.,.,.,.,.,.,.,.,.,.,.,.,.,.,.,.,.,.,.,.,.,.,.,.,.,.,.,O,.,X,.,.,I4
.,.,.,.,.,.,.,.,.,.,.,.,.,.,.,.,.,.,.,.,.,.,.,.,.,.,.,.,.,.,.,.,.,.,.,.,.,O,O,X,.,.,I3
.,.,.,.,.,.,.,.,.,.,.,.,.,.,.,.,.,.,.,.,.,.,.,.,.,.,.,.,.,.,X,.,.,.,.,.,.,O,O,X,.,.,I2
.,.,.,.,.,.,.,.,.,.,.,.,.,.,.,.,.,.,.,.,.,.,.,.,.,.,.,.,.,.,X,.,.,.,.,.,O,O,O,X,.,.,I1
.,.,.,.,.,.,.,.,.,.,.,.,.,.,.,.,.,.,.,.,.,.,.,.,.,.,.,.,.,.,X,.,.,.,.,X,O,O,O,X,.,.,I1
.,.,.,.,.,.,.,.,.,.,.,.,.,.,.,.,.,.,.,.,.,.,.,.,.,.,.,.,O,.,X,.,.,.,.,X,O,O,O,X,.,.,R1
.,.,.,.,.,.,.,.,.,.,.,.,.,.,.,.,.,.,.,.,.,.,.,.,.,.,.,.,.,.,.,.,.,.,.,.,.,.,.,.,.,.,I5
.,.,.,.,.,.,.,.,.,.,.,.,.,.,.,.,.,.,.,.,.,.,.,.,.,.,.,.,.,.,.,.,.,.,.,.,.,.,.,O,.,.,I5
.,.,.,.,.,.,.,.,.,.,.,.,.,.,.,.,.,.,.,.,.,.,.,.,.,.,.,.,.,.,.,.,X,.,.,.,.,.,.,O,.,.,I5
.,.,.,.,.,.,.,.,.,.,.,.,.,.,.,.,.,.,.,.,.,.,.,.,.,O,.,.,.,.,.,.,X,.,.,.,.,.,.,O,.,.,I6
.,.,.,.,.,.,.,.,.,.,.,.,.,.,.,.,.,.,.,.,.,.,.,.,.,O,.,.,.,.,.,.,X,.,.,.,.,.,.,O,X,.,I5
.,.,.,.,.,.,.,.,.,.,.,.,.,.,.,.,.,.,O,.,.,.,.,.,.,O,.,.,.,.,.,.,X,.,.,.,.,.,.,O,X,.,I7
.,.,.,.,.,.,.,.,.,.,.,.,.,.,.,.,.,.,O,.,.,.,.,.,.,O,.,.,.,.,.,.,X,.,.,.,.,.,.,O,X,X,I5
.,.,.,.,.,.,.,.,.,.,.,O,.,.,.,.,.,.,O,.,.,.,.,.,.,O,.,.,.,.,.,.,X,.,.,.,.,.,.,O,X,X,I5
.,.,.,.,X,.,.,.,.,.,.,O,.,.,.,.,.,.,O,.,.,.,.,.,.,O,.,.,.,.,.,.,X,.,.,.,.,.,.,O,X,X,I6
.,.,.,.,X,.,.,.,.,.,.,O,.,.,.,.,.,.,O,.,.,.,.,.,.,O,.,.,.,.,.,.,X,O,.,.,.,.,.,O,X,X,I4
.,.,.,.,X,.,.,.,.,.,.,O,.,.,.,.,.,.,O,.,.,.,.,.,.,O,.,.,.,.,.,.,X,O,.,.,.,.,X,O,X,X,R5
.,.,.,.,.,.,.,.,.,.,.,.,.,.,.,.,.,.,.,.,.,.,.,.,.,.,.,.,.,.,.,.,.,.,.,.,.,.,.,.,.,.,I4
.,.,.,.,.,.,.,.,.,.,.,.,.,.,.,.,.,.,.,.,.,.,.,.,.,.,.,.,.,.,.,.,.,.,.,.,.,.,O,.,.,.,I7
.,.,.,.,.,.,.,.,.,.,.,.,.,.,.,.,.,.,.,.,.,.,.,.,.,.,.,.,.,.,.,.,.,.,.,.,.,.,O,.,.,X,I5
.,.,.,.,.,.,.,.,.,.,.,.,.,.,.,.,.,.,.,.,.,.,.,.,.,.,.,.,.,.,.,.,.,.,.,.,.,.,O,O,.,X,I6
.,.,.,.,.,.,.,.,.,.,.,.,.,.,.,.,.,.,.,.,.,.,.,.,.,.,.,.,.,.,.,.,.,.,.,.,.,.,O,O,X,X,I7
.,.,.,.,.,.,.,.,.,.,.,.,.,.,.,.,.,.,.,.,.,.,.,.,.,.,.,.,.,.,.,.,.,.,O,.,.,.,O,O,X,X,I4
.,.,.,.,.,.,.,.,.,.,.,.,.,.,.,.,.,.,.,.,.,.,.,.,.,.,.,.,.,.,.,X,.,.,O,.,.,.,O,O,X,X,I6
.,.,.,.,.,.,.,.,.,.,.,.,.,.,.,.,.,.,.,.,.,.,.,.,.,.,.,.,.,.,.,X,.,O,O,.,.,.,O,O,X,X,I5
.,.,.,.,.,.,.,.,.,.,.,.,.,.,.,.,.,.,.,.,.,.,.,.,.,.,.,.,.,.,.,X,X,O,O,.,.,.,O,O,X,X,I3
.,.,.,.,.,.,.,.,.,.,.,.,.,.,.,.,.,.,.,.,.,.,.,.,.,.,.,.,.,.,.,X,X,O,O,.,.,O,O,O,X,X,R6
.,.,.,.,.,.,.,.,.,.,.,.,.,.,.,.,.,.,.,.,.,.,.,.,.,.,.,.,.,.,.,.,.,.,.,.,.,.,.,.,.,.,I4
.,.,.,.,.,.,.,.,.,.,.,.,.,.,.,.,.,.,.,.,.,.,.,.,.,.,.,.,.,.,.,.,.,.,.,.,.,.,O,.,.,.,I4
.,.,.,.,.,.,.,.,.,.,.,.,.,.,.,.,.,.,.,.,.,.,.,.,.,.,.,.,.,.,.,X,.,.,.,.,.,.,O,.,.,.,I2
.,.,.,.,.,.,.,.,.,.,.,.,.,.,.,.,.,.,.,.,.,.,.,.,.,.,.,.,.,.,.,X,.,.,.,.,O,.,O,.,.,.,I1
.,.,.,.,.,.,.,.,.,.,.,.,.,.,.,.,.,.,.,.,.,.,.,.,.,.,.,.,.,.,.,X,.,.,.,X,O,.,O,.,.,.,I6
.,.,.,.,.,.,.,.,.,.,.,.,.,.,.,.,.,.,.,.,.,.,.,.,.,.,.,.,.,.,.,X,.,.,.,X,O,.,O,.,O,.,I5
.,.,.,.,.,.,.,.,.,.,.,.,.,.,.,.,.,.,.,.,.,.,.,.,.,.,.,.,.,.,.,X,.,.,.,X,O,.,O,X,O,.,I6
.,.,.,.,.,.,.,.,.,.,.,.,.,.,.,.,.,.,.,.,.,.,.,.,.,.,.,.,.,.,.,X,.,O,.,X,O,.,O,X,O,.,I2
.,.,.,.,.,.,.,.,.,.,.,.,.,.,.,.,.,.,.,.,.,.,.,.,.,.,.,.,.,X,.,X,.,O,.,X,O,.,O,X,O,.,I6
.,.,.,.,.,.,.,.,.,.,.,.,.,.,.,.,.,.,.,.,.,.,.,.,.,.,O,.,.,X,.,X,.,O,.,X,O,.,O,X,O,.,I4
.,.,.,.,.,.,.,.,.,.,.,.,.,.,.,.,.,.,.,.,.,.,.,.,X,.,O,.,.,X,.,X,.,O,.,X,O,.,O,X,O,.,I5
.,.,.,.,.,.,.,.,.,.,.,.,.,.,.,.,.,.,.,.,.,.,.,.,X,.,O,.,.,X,.,X,O,O,.,X,O,.,O,X,O,.,I3
.,.,.,.,.,.,.,.,.,.,.,.,.,.,.,.,.,.,.,.,.,.,.,.,X,.,O,.,.,X,.,X,O,O,.,X,O,X,O,X,O,.,I5
.,.,.,.,.,.,.,.,.,.,.,.,.,.,.,.,.,.,.,.,.,.,.,.,X,O,O,.,.,X,.,X,O,O,.,X,O,X,O,X,O,.,I6
.,.,.,.,.,.,.,.,.,.,.,.,.,.,.,.,.,.,.,X,.,.,.,.,X,O,O,.,.,X,.,X,O,O,.,X,O,X,O,X,O,.,I5
.,.,.,.,.,.,.,.,.,.,.,.,.,.,.,.,.,.,O,X,.,.,.,.,X,O,O,.,.,X,.,X,O,O,.,X,O,X,O,X,O,.,I4
.,.,.,.,.,.,.,.,.,.,.,.,.,.,.,.,.,X,O,X,.,.,.,.,X,O,O,.,.,X,.,X,O,O,.,X,O,X,O,X,O,.,I4
.,.,.,.,.,.,.,.,.,.,O,.,.,.,.,.,.,X,O,X,.,.,.,.,X,O,O,.,.,X,.,X,O,O,.,X,O,X,O,X,O,.,I6
.,.,.,.,.,.,.,.,.,.,O,.,X,.,.,.,.,X,O,X,.,.,.,.,X,O,O,.,.,X,.,X,O,O,.,X,O,X,O,X,O,.,I7
.,.,.,.,.,.,.,.,.,.,O,.,X,.,.,.,.,X,O,X,.,.,.,.,X,O,O,.,.,X,.,X,O,O,.,X,O,X,O,X,O,O,R5
.,.,.,.,.,.,.,.,.,.,.,.,.,.,.,.,.,.,.,.,.,.,.,.,.,.,.,.,.,.,.,.,.,.,.,.,.,.,.,.,.,.,I2
.,.,.,.,.,.,.,.,.,.,.,.,.,.,.,.,.,.,.,.,.,.,.,.,.,.,.,.,.,.,.,.,.,.,.,.,O,.,.,.,.,.,I4
.,.,.,.,.,.,.,.,.,.,.,.,.,.,.,.,.,.,.,.,.,.,.,.,.,.,.,.,.,.,.,.,.,.,.,.,O,.,X,.,.,.,I2
.,.,.,.,.,.,.,.,.,.,.,.,.,.,.,.,.,.,.,.,.,.,.,.,.,.,.,.,.,O,.,.,.,.,.,.,O,.,X,.,.,.,I5
.,.,.,.,.,.,.,.,.,.,.,.,.,.,.,.,.,.,.,.,.,.,.,.,.,.,.,.,.,O,.,.,.,.,.,.,O,.,X,X,.,.,I2
.,.,.,.,.,.,.,.,.,.,.,.,.,.,.,.,.,.,.,.,.,.,O,.,.,.,.,.,.,O,.,.,.,.,.,.,O,.,X,X,.,.,I2
.,.,.,.,.,.,.,.,.,.,.,.,.,.,.,X,.,.,.,.,.,.,O,.,.,.,.,.,.,O,.,.,.,.,.,.,O,.,X,X,.,.,I2
.,.,.,.,.,.,.,.,O,.,.,.,.,.,.,X,.,.,.,.,.,.,O,.,.,.,.,.,.,O,.,.,.,.,.,.,O,.,X,X,.,.,I3
.,.,.,.,.,.,.,.,O,.,.,.,.,.,.,X,.,.,.,.,.,.,O,.,.,.,.,.,.,O,.,.,.,.,.,.,O,X,X,X,.,.,I5
.,.,.,.,.,.,.,.,O,.,.,.,.,.,.,X,.,.,.,.,.,.,O,.,.,.,.,.,.,O,.,.,O,.,.,.,O,X,X,X,.,.,I3
.,.,.,.,.,.,.,.,O,.,.,.,.,.,.,X,.,.,.,.,.,.,O,.,.,.,.,.,.,O,X,.,O,.,.,.,O,X,X,X,.,.,I3
.,.,.,.,.,.,.,.,O,.,.,.,.,.,.,X,.,.,.,.,.,.,O,O,.,.,.,.,.,O,X,.,O,.,.,.,O,X,X,X,.,.,I2
.,X,.,.,.,.,.,.,O,.,.,.,.,.,.,X,.,.,.,.,.,.,O,O,.,.,.,.,.,O,X,.,O,.,.,.,O,X,X,X,.,.,I5
.,X,.,.,.,.,.,.,O,.,.,.,.,.,.,X,.,.,.,.,.,.,O,O,.,O,.,.,.,O,X,.,O,.,.,.,O,X,X,X,.,.,I4
.,X,.,.,.,.,.,.,O,.,.,.,.,.,.,X,.,.,.,.,.,.,O,O,.,O,.,.,.,O,X,X,O,.,.,.,O,X,X,X,.,.,I6
.,X,.,.,.,.,.,.,O,.,.,.,.,.,.,X,.,.,.,.,.,.,O,O,.,O,.,.,.,O,X,X,O,.,.,.,O,X,X,X,O,.,I4
.,X,.,.,.,.,.,.,O,.,.,.,.,.,.,X,.,.,.,.,.,.,O,O,X,O,.,.,.,O,X,X,O,.,.,.,O,X,X,X,O,.,I6
.,X,.,.,.,.,.,.,O,.,.,.,.,.,.,X,.,.,.,.,.,.,O,O,X,O,.,.,.,O,X,X,O,O,.,.,O,X,X,X,O,.,I3
.,X,.,.,.,.,.,.,O,.,.,.,.,.,.,X,X,.,.,.,.,.,O,O,X,O,.,.,.,O,X,X,O,O,.,.,O,X,X,X,O,.,I4
.,X,.,.,.,.,.,.,O,.,.,.,.,.,.,X,X,O,.,.,.,.,O,O,X,O,.,.,.,O,X,X,O,O,.,.,O,X,X,X,O,.,R4
.,.,.,.,.,.,.,.,.,.,.,.,.,.,.,.,.,.,.,.,.,.,.,.,.,.,.,.,.,.,.,.,.,.,.,.,.,.,.,.,.,.,I3
.,.,.,.,.,.,.,.,.,.,.,.,.,.,.,.,.,.,.,.,.,.,.,.,.,.,.,.,.,.,.,.,.,.,.,.,.,O,.,.,.,.,I2
.,.,.,.,.,.,.,.,.,.,.,.,.,.,.,.,.,.,.,.,.,.,.,.,.,.,.,.,.,.,.,.,.,.,.,.,X,O,.,.,.,.,I2
.,.,.,.,.,.,.,.,.,.,.,.,.,.,.,.,.,.,.,.,.,.,.,.,.,.,.,.,.,O,.,.,.,.,.,.,X,O,.,.,.,.,I5
.,.,.,.,.,.,.,.,.,.,.,.,.,.,.,.,.,.,.,.,.,.,.,.,.,.,.,.,.,O,.,.,.,.,.,.,X,O,.,X,.,.,I1
.,.,.,.,.,.,.,.,.,.,.,.,.,.,.,.,.,.,.,.,.,.,.,.,.,.,.,.,.,O,.,.,.,.,.,O,X,O,.,X,.,.,I5
.,.,.,.,.,.,.,.,.,.,.,.,.,.,.,.,.,.,.,.,.,.,.,.,.,.,.,.,.,O,.,.,X,.,.,O,X,O,.,X,.,.,I3
.,.,.,.,.,.,.,.,.,.,.,.,.,.,.,.,.,.,.,.,.,.,.,.,.,.,.,.,.,O,O,.,X,.,.,O,X,O,.,X,.,.,I5
.,.,.,.,.,.,.,.,.,.,.,.,.,.,.,.,.,.,.,.,.,.,.,.,.,X,.,.,.,O,O,.,X,.,.,O,X,O,.,X,.,.,I5
.,.,.,.,.,.,.,.,.,.,.,.,.,.,.,.,.,.,O,.,.,.,.,.,.,X,.,.,.,O,O,.,X,.,.,O,X,O,.,X,.,.,I7
.,.,.,.,.,.,.,.,.,.,.,.,.,.,.,.,.,.,O,.,.,.,.,.,.,X,.,.,.,O,O,.,X,.,.,O,X,O,.,X,.,X,I4
.,.,.,.,.,.,.,.,.,.,.,.,.,.,.,.,.,.,O,.,.,.,.,.,.,X,.,.,.,O,O,.,X,.,.,O,X,O,O,X,.,X,R2
.,.,.,.,.,.,.,.,.,.,.,.,.,.,.,.,.,.,.,.,.,.,.,.,.,.,.,.,.,.,.,.,.,.,.,.,.,.,.,.,.,.,I4
.,.,.,.,.,.,.,.,.,.,.,.,.,.,.,.,.,.,.,.,.,.,.,.,.,.,.,.,.,.,.,.,.,.,.,.,.,.,O,.,.,.,I5
.,.,.,.,.,.,.,.,.,.,.,.,.,.,.,.,.,.,.,.,.,.,.,.,.,.,.,.,.,.,.,.,.,.,.,.,.,.,O,X,.,.,I4
.,.,.,.,.,.,.,.,.,.,.,.,.,.,.,.,.,.,.,.,.,.,.,.,.,.,.,.,.,.,.,O,.,.,.,.,.,.,O,X,.,.,I3
.,.,.,.,.,.,.,.,.,.,.,.,.,.,.,.,.,.,.,.,.,.,.,.,.,.,.,.,.,.,.,O,.,.,.,.,.,X,O,X,.,.,I4
.,.,.,.,.,.,.,.,.,.,.,.,.,.,.,.,.,.,.,.,.,.,.,.,O,.,.,.,.,.,.,O,.,.,.,.,.,X,O,X,.,.,I5
.,.,.,.,.,.,.,.,.,.,.,.,.,.,.,.,.,.,.,.,.,.,.,.,O,.,.,.,.,.,.,O,X,.,.,.,.,X,O,X,.,.,I7
.,.,.,.,.,.,.,.,.,.,.,.,.,.,.,.,.,.,.,.,.,.,.,.,O,.,.,.,.,.,.,O,X,.,.,.,.,X,O,X,.,O,I5
.,.,.,.,.,.,.,.,.,.,.,.,.,.,.,.,.,.,.,.,.,.,.,.,O,X,.,.,.,.,.,O,X,.,.,.,.,X,O,X,.,O,I5
.,.,.,.,.,.,.,.,.,.,.,.,.,.,.,.,.,.,O,.,.,.,.,.,O,X,.,.,.,.,.,O,X,.,.,.,.,X,O,X,.,O,I4
.,.,.,.,.,.,.,.,.,.,.,.,.,.,.,.,.,X,O,.,.,.,.,.,O,X,.,.,.,.,.,O,X,.,.,.,.,X,O,X,.,O,I6
.,.,.,.,.,.,.,.,.,.,.,.,.,.,.,.,.,X,O,.,.,.,.,.,O,X,.,.,.,.,.,O,X,.,.,.,.,X,O,X,O,O,I1
.,.,.,.,.,.,.,.,.,.,.,.,.,.,.,.,.,X,O,.,.,.,.,.,O,X,.,.,.,.,.,O,X,.,.,X,.,X,O,X,O,O,I7
.,.,.,.,.,.,.,.,.,.,.,.,.,.,.,.,.,X,O,.,.,.,.,.,O,X,.,.,.,.,.,O,X,.,O,X,.,X,O,X,O,O,I3
.,.,.,.,.,.,.,.,.,.,.,.,.,.,.,.,.,X,O,.,.,.,.,.,O,X,.,.,.,.,X,O,X,.,O,X,.,X,O,X,O,O,I7
.,.,.,.,.,.,.,.,.,.,.,.,.,.,.,.,.,X,O,.,.,.,.,.,O,X,.,O,.,.,X,O,X,.,O,X,.,X,O,X,O,O,I2
.,.,.,.,.,.,.,.,.,.,.,.,.,.,.,.,.,X,O,.,.,.,.,.,O,X,.,O,.,.,X,O,X,.,O,X,X,X,O,X,O,O,I4
.,.,.,.,.,.,.,.,.,.,O,.,.,.,.,.,.,X,O,.,.,.,.,.,O,X,.,O,.,.,X,O,X,.,O,X,X,X,O,X,O,O,I3
.,.,.,.,.,.,.,.,.,.,O,.,.,.,.,.,.,X,O,.,.,.,.,X,O,X,.,O,.,.,X,O,X,.,O,X,X,X,O,X,O,O,I3
.,.,.,.,.,.,.,.,.,.,O,.,.,.,.,.,O,X,O,.,.,.,.,X,O,X,.,O,.,.,X,O,X,.,O,X,X,X,O,X,O,O,I4
.,.,.,X,.,.,.,.,.,.,O,.,.,.,.,.,O,X,O,.,.,.,.,X,O,X,.,O,.,.,X,O,X,.,O,X,X,X,O,X,O,O,I2
.,.,.,X,.,.,.,.,.,.,O,.,.,.,.,.,O,X,O,.,.,.,.,X,O,X,.,O,.,O,X,O,X,.,O,X,X,X,O,X,O,O,I5
.,.,.,X,.,.,.,.,.,.,O,X,.,.,.,.,O,X,O,.,.,.,.,X,O,X,.,O,.,O,X,O,X,.,O,X,X,X,O,X,O,O,I2
.,.,.,X,.,.,.,.,.,.,O,X,.,.,.,.,O,X,O,.,.,.,O,X,O,X,.,O,.,O,X,O,X,.,O,X,X,X,O,X,O,O,R2
.,.,.,X,.,.,.,.,.,.,O,X,.,.,.,.,O,X,O,.,.,.,.,X,O,X,.,O,.,O,X,O,X,.,O,X,O,X,O,X,O,O,I2
.,.,.,X,.,.,.,.,.,.,O,X,.,.,.,.,O,X,O,.,.,.,O,X,O,X,.,O,.,O,X,O,X,.,O,X,O,X,O,X,O,O,I2
.,.,.,X,.,.,.,.,.,.,O,X,.,.,.,X,O,X,O,.,.,.,O,X,O,X,.,O,.,O,X,O,X,.,O,X,O,X,O,X,O,O,I3
.,.,.,X,.,.,.,.,.,O,O,X,.,.,.,X,O,X,O,.,.,.,O,X,O,X,.,O,.,O,X,O,X,.,O,X,O,X,O,X,O,O,I6
.,.,.,X,.,.,.,.,.,O,O,X,.,.,.,X,O,X,O,.,.,.,O,X,O,X,.,O,.,O,X,O,X,X,O,X,O,X,O,X,O,O,I2
.,.,.,X,.,.,.,.,O,O,O,X,.,.,.,X,O,X,O,.,.,.,O,X,O,X,.,O,.,O,X,O,X,X,O,X,O,X,O,X,O,O,I6
.,.,.,X,.,.,.,.,O,O,O,X,.,.,.,X,O,X,O,.,.,.,O,X,O,X,X,O,.,O,X,O,X,X,O,X,O,X,O,X,O,O,R4
.,.,.,.,.,.,.,.,.,.,.,.,.,.,.,.,.,.,.,.,.,.,.,.,.,.,.,.,.,.,.,.,.,.,.,.,.,.,.,.,.,.,I7
.,.,.,.,.,.,.,.,.,.,.,.,.,.,.,.,.,.,.,.,.,.,.,.,.,.,.,.,.,.,.,.,.,.,.,.,.,.,.,.,.,O,I3
.,.,.,.,.,.,.,.,.,.,.,.,.,.,.,.,.,.,.,.,.,.,.,.,.,.,.,.,.,.,.,.,.,.,.,.,.,X,.,.,.,O,I6
.,.,.,.,.,.,.,.,.,.,.,.,.,.,.,.,.,.,.,.,.,.,.,.,.,.,.,.,.,.,.,.,.,.,.,.,.,X,.,.,O,O,I4
.,.,.,.,.,.,.,.,.,.,.,.,.,.,.,.,.,.,.,.,.,.,.,.,.,.,.,.,.,.,.,.,.,.,.,.,.,X,X,.,O,O,I1
.,.,.,.,.,.,.,.,.,.,.,.,.,.,.,.,.,.,.,.,.,.,.,.,.,.,.,.,.,.,.,.,.,.,.,O,.,X,X,.,O,O,R3
.,.,.,.,.,.,.,.,.,.,.,.,.,.,.,.,.,.,.,.,.,.,.,.,.,.,.,.,.,.,.,.,.,.,.,O,.,.,X,.,O,O,I4
.,.,.,.,.,.,.,.,.,.,.,.,.,.,.,.,.,.,.,.,.,.,.,.,.,.,.,.,.,.,.,O,.,.,.,O,.,.,X,.,O,O,I4
.,.,.,.,.,.,.,.,.,.,.,.,.,.,.,.,.,.,.,.,.,.,.,.,X,.,.,.,.,.,.,O,.,.,.,O,.,.,X,.,O,O,I6
.,.,.,.,.,.,.,.,.,.,.,.,.,.,.,.,.,.,.,.,.,.,.,.,X,.,.,.,.,.,.,O,.,O,.,O,.,.,X,.,O,O,I7
.,.,.,.,.,.,.,.,.,.,.,.,.,.,.,.,.,.,.,.,.,.,.,.,X,.,.,.,.,.,.,O,.,O,X,O,.,.,X,.,O,O,I6
.,.,.,.,.,.,.,.,.,.,.,.,.,.,.,.,.,.,.,.,.,.,.,.,X,.,O,.,.,.,.,O,.,O,X,O,.,.,X,.,O,O,I6
.,.,.,.,.,.,.,.,.,.,.,.,.,.,.,.,.,.,.,X,.,.,.,.,X,.,O,.,.,.,.,O,.,O,X,O,.,.,X,.,O,O,I3
.,.,.,.,.,.,.,.,.,.,.,.,.,.,.,.,.,.,.,X,.,.,.,.,X,.,O,.,.,.,.,O,.,O,X,O,.,O,X,.,O,O,R4
.,.,.,.,.,.,.,.,.,.,.,.,.,.,.,.,.,.,.,X,.,.,.,.,.,.,O,.,.,.,.,X,.,O,X,O,.,O,O,.,O,O,R7
.,.,.,.,.,.,.,.,.,.,.,.,.,.,.,.,.,.,.,X,.,.,.,.,.,.,O,.,.,.,.,X,.,O,.,O,.,O,O,.,O,X,I3
.,.,.,.,.,.,.,.,.,.,.,.,.,.,.,.,.,.,.,X,.,.,.,.,.,.,O,.,.,.,X,X,.,O,.,O,.,O,O,.,O,X,I6
.,.,.,.,.,.,.,.,.,.,.,.,O,.,.,.,.,.,.,X,.,.,.,.,.,.,O,.,.,.,X,X,.,O,.,O,.,O,O,.,O,X,I5
.,.,.,.,.,.,.,.,.,.,.,.,O,.,.,.,.,.,.,X,.,.,.,.,.,.,O,.,.,.,X,X,.,O,.,O,.,O,O,X,O,X,I6
.,.,.,.,.,O,.,.,.,.,.,.,O,.,.,.,.,.,.,X,.,.,.,.,.,.,O,.,.,.,X,X,.,O,.,O,.,O,O,X,O,X,I7
.,.,.,.,.,O,.,.,.,.,.,.,O,.,.,.,.,.,.,X,.,.,.,.,.,.,O,.,.,.,X,X,.,O,X,O,.,O,O,X,O,X,I7
.,.,.,.,.,O,.,.,.,.,.,.,O,.,.,.,.,.,.,X,.,.,.,.,.,.,O,O,.,.,X,X,.,O,X,O,.,O,O,X,O,X,R7
.,.,.,.,.,O,.,.,.,.,.,.,O,.,.,.,.,.,.,X,.,.,.,.,.,.,O,.,.,.,X,X,.,O,O,O,.,O,O,X,O,X,I7
.,.,.,.,.,O,.,.,.,.,.,.,O,.,.,.,.,.,.,X,.,.,.,.,.,.,O,O,.,.,X,X,.,O,O,O,.,O,O,X,O,X,I3
.,.,.,.,.,O,.,.,.,.,.,.,O,.,.,.,.,.,.,X,.,.,.,X,.,.,O,O,.,.,X,X,.,O,O,O,.,O,O,X,O,X,I4
.,.,.,.,.,O,.,.,.,.,.,.,O,.,.,.,.,.,.,X,.,.,.,X,O,.,O,O,.,.,X,X,.,O,O,O,.,O,O,X,O,X,I5
.,.,.,.,.,O,.,.,.,.,.,.,O,.,.,.,.,.,.,X,.,.,.,X,O,.,O,O,.,.,X,X,X,O,O,O,.,O,O,X,O,X,I7
.,.,.,.,.,O,.,.,.,.,.,.,O,.,.,.,.,.,.,X,O,.,.,X,O,.,O,O,.,.,X,X,X,O,O,O,.,O,O,X,O,X,I5
.,.,.,.,.,O,.,.,.,.,.,.,O,.,.,.,.,.,.,X,O,.,.,X,O,X,O,O,.,.,X,X,X,O,O,O,.,O,O,X,O,X,R3
.,.,.,.,.,.,.,.,.,.,.,.,.,.,.,.,.,.,.,.,.,.,.,.,.,.,.,.,.,.,.,.,.,.,.,.,.,.,.,.,.,.,I5
.,.,.,.,.,.,.,.,.,.,.,.,.,.,.,.,.,.,.,.,.,.,.,.,.,.,.,.,.,.,.,.,.,.,.,.,.,.,.,O,.,.,I6
.,.,.,.,.,.,.,.,.,.,.,.,.,.,.,.,.,.,.,.,.,.,.,.,.,.,.,.,.,.,.,.,.,.,.,.,.,.,.,O,X,.,I2
.,.,.,.,.,.,.,.,.,.,.,.,.,.,.,.,.,.,.,.,.,.,.,.,.,.,.,.,.,.,.,.,.,.,.,.,O,.,.,O,X,.,I2
.,.,.,.,.,.,.,.,.,.,.,.,.,.,.,.,.,.,.,.,.,.,.,.,.,.,.,.,.,X,.,.,.,.,.,.,O,.,.,O,X,.,I5
.,.,.,.,.,.,.,.,.,.,.,.,.,.,.,.,.,.,.,.,.,.,.,.,.,.,.,.,.,X,.,.,O,.,.,.,O,.,.,O,X,.,I5
.,.,.,.,.,.,.,.,.,.,.,.,.,.,.,.,.,.,.,.,.,.,.,.,.,X,.,.,.,X,.,.,O,.,.,.,O,.,.,O,X,.,R5
.,.,.,.,.,.,.,.,.,.,.,.,.,.,.,.,.,.,.,.,.,.,.,.,.,.,.,.,.,X,.,.,X,.,.,.,O,.,.,O,X,.,I3
.,.,.,.,.,.,.,.,.,.,.,.,.,.,.,.,.,.,.,.,.,.,.,.,.,.,.,.,.,X,.,.,X,.,.,.,O,X,.,O,X,.,R2
.,.,.,.,.,.,.,.,.,.,.,.,.,.,.,.,.,.,.,.,.,.,.,.,.,.,.,.,.,.,.,.,X,.,.,.,X,X,.,O,X,.,I4
.,.,.,.,.,.,.,.,.,.,.,.,.,.,.,.,.,.,.,.,.,.,.,.,.,.,.,.,.,.,.,.,X,.,.,.,X,X,X,O,X,.,R5
.,.,.,.,.,.,.,.,.,.,.,.,.,.,.,.,.,.,.,.,.,.,.,.,.,.,.,.,.,.,.,.,.,.,.,.,.,.,.,.,.,.,I5
.,.,.,.,.,.,.,.,.,.,.,.,.,.,.,.,.,.,.,.,.,.,.,.,.,.,.,.,.,.,.,.,.,.,.,.,.,.,.,O,.,.,I1
.,.,.,.,.,.,.,.,.,.,.,.,.,.,.,.,.,.,.,.,.,.,.,.,.,.,.,.,.,.,.,.,.,.,.,X,.,.,.,O,.,.,I1
.,.,.,.,.,.,.,.,.,.,.,.,.,.,.,.,.,.,.,.,.,.,.,.,.,.,.,.,O,.,.,.,.,.,.,X,.,.,.,O,.,.,I4
.,.,.,.,.,.,.,.,.,.,.,.,.,.,.,.,.,.,.,.,.,.,.,.,.,.,.,.,O,.,.,.,.,.,.,X,.,.,X,O,.,.,I4
.,.,.,.,.,.,.,.,.,.,.,.,.,.,.,.,.,.,.,.,.,.,.,.,.,.,.,.,O,.,.,O,.,.,.,X,.,.,X,O,.,.,I5
.,.,.,.,.,.,.,.,.,.,.,.,.,.,.,.,.,.,.,.,.,.,.,.,.,.,.,.,O,.,.,O,X,.,.,X,.,.,X,O,.,.,I4
.,.,.,.,.,.,.,.,.,.,.,.,.,.,.,.,.,.,.,.,.,.,.,.,O,.,.,.,O,.,.,O,X,.,.,X,.,.,X,O,.,.,R1
.,.,.,.,.,.,.,.,.,.,.,.,.,.,.,.,.,.,.,.,.,.,.,.,O,.,.,.,.,.,.,O,X,.,.,O,.,.,X,O,.,.,I5
.,.,.,.,.,.,.,.,.,.,.,.,.,.,.,.,.,.,.,.,.,.,.,.,O,O,.,.,.,.,.,O,X,.,.,O,.,.,X,O,.,.,I6
.,.,.,.,.,.,.,.,.,.,.,.,.,.,.,.,.,.,.,.,.,.,.,.,O,O,.,.,.,.,.,O,X,.,.,O,.,.,X,O,X,.,I6
.,.,.,.,.,.,.,.,.,.,.,.,.,.,.,.,.,.,.,.,.,.,.,.,O,O,.,.,.,.,.,O,X,O,.,O,.,.,X,O,X,.,I4
.,.,.,.,.,.,.,.,.,.,.,.,.,.,.,.,.,X,.,.,.,.,.,.,O,O,.,.,.,.,.,O,X,O,.,O,.,.,X,O,X,.,I7
.,.,.,.,.,.,.,.,.,.,.,.,.,.,.,.,.,X,.,.,.,.,.,.,O,O,.,.,.,.,.,O,X,O,.,O,.,.,X,O,X,O,I7
.,.,.,.,.,.,.,.,.,.,.,.,.,.,.,.,.,X,.,.,.,.,.,.,O,O,.,.,.,.,.,O,X,O,X,O,.,.,X,O,X,O,I7
.,.,.,.,.,.,.,.,.,.,.,.,.,.,.,.,.,X,.,.,.,.,.,.,O,O,.,O,.,.,.,O,X,O,X,O,.,.,X,O,X,O,I5
.,.,.,.,.,.,.,.,.,.,.,.,.,.,.,.,.,X,X,.,.,.,.,.,O,O,.,O,.,.,.,O,X,O,X,O,.,.,X,O,X,O,R7
.,.,.,.,.,.,.,.,.,.,.,.,.,.,.,.,.,X,X,.,.,.,.,.,O,O,.,.,.,.,.,O,X,O,O,O,.,.,X,O,X,X,I7
.,.,.,.,.,.,.,.,.,.,.,.,.,.,.,.,.,X,X,.,.,.,.,.,O,O,.,X,.,.,.,O,X,O,O,O,.,.,X,O,X,X,I6
.,.,.,.,.,.,.,.,.,.,.,.,.,.,.,.,.,X,X,.,.,.,.,.,O,O,O,X,.,.,.,O,X,O,O,O,.,.,X,O,X,X,R7
.,.,.,.,.,.,.,.,.,.,.,.,.,.,.,.,.,X,X,.,.,.,.,.,O,O,O,.,.,.,.,O,X,O,X,O,.,.,X,O,X,O,I2
.,.,.,.,.,.,.,.,.,.,.,.,.,.,.,.,.,X,X,.,.,.,.,.,O,O,O,.,.,.,.,O,X,O,X,O,O,.,X,O,X,O,I6
.,.,.,.,.,.,.,.,.,.,.,.,.,.,.,.,.,X,X,X,.,.,.,.,O,O,O,.,.,.,.,O,X,O,X,O,O,.,X,O,X,O,R2
.,.,.,.,.,.,.,.,.,.,.,.,.,.,.,.,.,X,X,X,.,.,.,.,O,O,O,.,.,.,.,O,X,O,X,O,.,.,X,O,X,O,I4
.,.,.,.,.,.,.,.,.,.,X,.,.,.,.,.,.,X,X,X,.,.,.,.,O,O,O,.,.,.,.,O,X,O,X,O,.,.,X,O,X,O,I5
.,.,.,.,.,.,.,.,.,.,X,O,.,.,.,.,.,X,X,X,.,.,.,.,O,O,O,.,.,.,.,O,X,O,X,O,.,.,X,O,X,O,I7
.,.,.,.,.,.,.,.,.,.,X,O,.,.,.,.,.,X,X,X,.,.,.,.,O,O,O,X,.,.,.,O,X,O,X,O,.,.,X,O,X,O,I7
.,.,.,.,.,.,.,.,.,.,X,O,.,.,.,.,.,X,X,X,O,.,.,.,O,O,O,X,.,.,.,O,X,O,X,O,.,.,X,O,X,O,I3
.,.,.,.,.,.,.,.,.,.,X,O,.,.,.,.,.,X,X,X,O,.,.,.,O,O,O,X,.,.,.,O,X,O,X,O,.,X,X,O,X,O,R5
.,.,.,.,.,.,.,.,.,.,.,.,.,.,.,.,.,.,.,.,.,.,.,.,.,.,.,.,.,.,.,.,.,.,.,.,.,.,.,.,.,.,I3
.,.,.,.,.,.,.,.,.,.,.,.,.,.,.,.,.,.,.,.,.,.,.,.,.,.,.,.,.,.,.,.,.,.,.,.,.,O,.,.,.,.,I5
.,.,.,.,.,.,.,.,.,.,.,.,.,.,.,.,.,.,.,.,.,.,.,.,.,.,.,.,.,.,.,.,.,.,.,.,.,O,.,X,.,.,I4
.,.,.,.,.,.,.,.,.,.,.,.,.,.,.,.,.,.,.,.,.,.,.,.,.,.,.,.,.,.,.,.,.,.,.,.,.,O,O,X,.,.,I3
.,.,.,.,.,.,.,.,.,.,.,.,.,.,.,.,.,.,.,.,.,.,.,.,.,.,.,.,.,.,X,.,.,.,.,.,.,O,O,X,.,.,I2
.,.,.,.,.,.,.,.,.,.,.,.,.,.,.,.,.,.,.,.,.,.,.,.,.,.,.,.,.,.,X,.,.,.,.,.,O,O,O,X,.,.,I1
.,.,.,.,.,.,.,.,.,.,.,.,.,.,.,.,.,.,.,.,.,.,.,.,.,.,.,.,.,.,X,.,.,.,.,X,O,O,O,X,.,.,I1
.,.,.,.,.,.,.,.,.,.,.,.,.,.,.,.,.,.,.,.,.,.,.,.,.,.,.,.,O,.,X,.,.,.,.,X,O,O,O,X,.,.,R1
.,.,.,.,.,.,.,.,.,.,.,.,.,.,.,.,.,.,.,.,.,.,.,.,.,.,.,.,.,.,.,.,.,.,.,.,.,.,.,.,.,.,I5
.,.,.,.,.,.,.,.,.,.,.,.,.,.,.,.,.,.,.,.,.,.,.,.,.,.,.,.,.,.,.,.,.,.,.,.,.,.,.,O,.,.,I5
.,.,.,.,.,.,.,.,.,.,.,.,.,.,.,.,.,.,.,.,.,.,.,.,.,.,.,.,.,.,.,.,X,.,.,.,.,.,.,O,.,.,I5
.,.,.,.,.,.,.,.,.,.,.,.,.,.,.,.,.,.,.,.,.,.,.,.,.,O,.,.,.,.,.,.,X,.,.,.,.,.,.,O,.,.,I6
.,.,.,.,.,.,.,.,.,.,.,.,.,.,.,.,.,.,.,.,.,.,.,.,.,O,.,.,.,.,.,.,X,.,.,.,.,.,.,O,X,.,I5
.,.,.,.,.,.,.,.,.,.,.,.,.,.,.,.,.,.,O,.,.,.,.,.,.,O,.,.,.,.,.,.,X,.,.,.,.,.,.,O,X,.,I7
.,.,.,.,.,.,.,.,.,.,.,.,.,.,.,.,.,.,O,.,.,.,.,.,.,O,.,.,.,.,.,.,X,.,.,.,.,.,.,O,X,X,I5
.,.,.,.,.,.,.,.,.,.,.,O,.,.,.,.,.,.,O,.,.,.,.,.,.,O,.,.,.,.,.,.,X,.,.,.,.,.,.,O,X,X,I5
.,.,.,.,X,.,.,.,.,.,.,O,.,.,.,.,.,.,O,.,.,.,.,.,.,O,.,.,.,.,.,.,X,.,.,.,.,.,.,O,X,X,I6
.,.,.,.,X,.,.,.,.,.,.,O,.,.,.,.,.,.,O,.,.,.,.,.,.,O,.,.,.,.,.,.,X,O,.,.,.,.,.,O,X,X,I4
.,.,.,.,X,.,.,.,.,.,.,O,.,.,.,.,.,.,O,.,.,.,.,.,.,O,.,.,.,.,.,.,X,O,.,.,.,.,X,O,X,X,R5
.,.,.,.,.,.,.,.,.,.,.,.,.,.,.,.,.,.,.,.,.,.,.,.,.,.,.,.,.,.,.,.,.,.,.,.,.,.,.,.,.,.,I4
.,.,.,.,.,.,.,.,.,.,.,.,.,.,.,.,.,.,.,.,.,.,.,.,.,.,.,.,.,.,.,.,.,.,.,.,.,.,O,.,.,.,I7
.,.,.,.,.,.,.,.,.,.,.,.,.,.,.,.,.,.,.,.,.,.,.,.,.,.,.,.,.,.,.,.,.,.,.,.,.,.,O,.,.,X,I5
.,.,.,.,.,.,.,.,.,.,.,.,.,.,.,.,.,.,.,.,.,.,.,.,.,.,.,.,.,.,.,.,.,.,.,.,.,.,O,O,.,X,I6
.,.,.,.,.,.,.,.,.,.,.,.,.,.,.,.,.,.,.,.,.,.,.,.,.,.,.,.,.,.,.,.,.,.,.,.,.,.,O,O,X,X,I7
.,.,.,.,.,.,.,.,.,.,.,.,.,.,.,.,.,.,.,.,.,.,.,.,.,.,.,.,.,.,.,.,.,.,O,.,.,.,O,O,X,X,I4
.,.,.,.,.,.,.,.,.,.,.,.,.,.,.,.,.,.,.,.,.,.,.,.,.,.,.,.,.,.,.,X,.,.,O,.,.,.,O,O,X,X,I6
.,.,.,.,.,.,.,.,.,.,.,.,.,.,.,.,.,.,.,.,.,.,.,.,.,.,.,.,.,.,.,X,.,O,O,.,.,.,O,O,X,X,I5
.,.,.,.,.,.,.,.,.,.,.,.,.,.,.,.,.,.,.,.,.,.,.,.,.,.,.,.,.,.,.,X,X,O,O,.,.,.,O,O,X,X,I3
.,.,.,.,.,.,.,.,.,.,.,.,.,.,.,.,.,.,.,.,.,.,.,.,.,.,.,.,.,.,.,X,X,O,O,.,.,O,O,O,X,X,R6
.,.,.,.,.,.,.,.,.,.,.,.,.,.,.,.,.,.,.,.,.,.,.,.,.,.,.,.,.,.,.,.,.,.,.,.,.,.,.,.,.,.,I4
.,.,.,.,.,.,.,.,.,.,.,.,.,.,.,.,.,.,.,.,.,.,.,.,.,.,.,.,.,.,.,.,.,.,.,.,.,.,O,.,.,.,I4
.,.,.,.,.,.,.,.,.,.,.,.,.,.,.,.,.,.,.,.,.,.,.,.,.,.,.,.,.,.,.,X,.,.,.,.,.,.,O,.,.,.,I2
.,.,.,.,.,.,.,.,.,.,.,.,.,.,.,.,.,.,.,.,.,.,.,.,.,.,.,.,.,.,.,X,.,.,.,.,O,.,O,.,.,.,I1
.,.,.,.,.,.,.,.,.,.,.,.,.,.,.,.,.,.,.,.,.,.,.,.,.,.,.,.,.,.,.,X,.,.,.,X,O,.,O,.,.,.,I6
.,.,.,.,.,.,.,.,.,.,.,.,.,.,.,.,.,.,.,.,.,.,.,.,.,.,.,.,.,.,.,X,.,.,.,X,O,.,O,.,O,.,I5
.,.,.,.,.,.,.,.,.,.,.,.,.,.,.,.,.,.,.,.,.,.,.,.,.,.,.,.,.,.,.,X,.,.,.,X,O,.,O,X,O,.,I6
.,.,.,.,.,.,.,.,.,.,.,.,.,.,.,.,.,.,.,.,.,.,.,.,.,.,.,.,.,.,.,X,.,O,.,X,O,.,O,X,O,.,I2
.,.,.,.,.,.,.,.,.,.,.,.,.,.,.,.,.,.,.,.,.,.,.,.,.,.,.,.,.,X,.,X,.,O,.,X,O,.,O,X,O,.,I6
.,.,.,.,.,.,.,.,.,.,.,.,.,.,.,.,.,.,.,.,.,.,.,.,.,.,O,.,.,X,.,X,.,O,.,X,O,.,O,X,O,.,I4
.,.,.,.,.,.,.,.,.,.,.,.,.,.,.,.,.,.,.,.,.,.,.,.,X,.,O,.,.,X,.,X,.,O,.,X,O,.,O,X,O,.,I5
.,.,.,.,.,.,.,.,.,.,.,.,.,.,.,.,.,.,.,.,.,.,.,.,X,.,O,.,.,X,.,X,O,O,.,X,O,.,O,X,O,.,I3
.,.,.,.,.,.,.,.,.,.,.,.,.,.,.,.,.,.,.,.,.,.,.,.,X,.,O,.,.,X,.,X,O,O,.,X,O,X,O,X,O,.,I5
.,.,.,.,.,.,.,.,.,.,.,.,.,.,.,.,.,.,.,.,.,.,.,.,X,O,O,.,.,X,.,X,O,O,.,X,O,X,O,X,O,.,I6
.,.,.,.,.,.,.,.,.,.,.,.,.,.,.,.,.,.,.,X,.,.,.,.,X,O,O,.,.,X,.,X,O,O,.,X,O,X,O,X,O,.,I5
.,.,.,.,.,.,.,.,.,.,.,.,.,.,.,.,.,.,O,X,.,.,.,.,X,O,O,.,.,X,.,X,O,O,.,X,O,X,O,X,O,.,I4
.,.,.,.,.,.,.,.,.,.,.,.,.,.,.,.,.,X,O,X,.,.,.,.,X,O,O,.,.,X,.,X,O,O,.,X,O,X,O,X,O,.,I4
.,.,.,.,.,.,.,.,.,.,O,.,.,.,.,.,.,X,O,X,.,.,.,.,X,O,O,.,.,X,.,X,O,O,.,X,O,X,O,X,O,.,I6
.,.,.,.,.,.,.,.,.,.,O,.,X,.,.,.,.,X,O,X,.,.,.,.,X,O,O,.,.,X,.,X,O,O,.,X,O,X,O,X,O,.,I7
.,.,.,.,.,.,.,.,.,.,O,.,X,.,.,.,.,X,O,X,.,.,.,.,X,O,O,.,.,X,.,X,O,O,.,X,O,X,O,X,O,O,R5
.,.,.,.,.,.,.,.,.,.,.,.,.,.,.,.,.,.,.,.,.,.,.,.,.,.,.,.,.,.,.,.,.,.,.,.,.,.,.,.,.,.,I2
.,.,.,.,.,.,.,.,.,.,.,.,.,.,.,.,.,.,.,.,.,.,.,.,.,.,.,.,.,.,.,.,.,.,.,.,O,.,.,.,.,.,I4
.,.,.,.,.,.,.,.,.,.,.,.,.,.,.,.,.,.,.,.,.,.,.,.,.,.,.,.,.,.,.,.,.,.,.,.,O,.,X,.,.,.,I2
.,.,.,.,.,.,.,.,.,.,.,.,.,.,.,.,.,.,.,.,.,.,.,.,.,.,.,.,.,O,.,.,.,.,.,.,O,.,X,.,.,.,I5
.,.,.,.,.,.,.,.,.,.,.,.,.,.,.,.,.,.,.,.,.,.,.,.,.,.,.,.,.,O,.,.,.,.,.,.,O,.,X,X,.,.,I2
.,.,.,.,.,.,.,.,.,.,.,.,.,.,.,.,.,.,.,.,.,.,O,.,.,.,.,.,.,O,.,.,.,.,.,.,O,.,X,X,.,.,I2
.,.,.,.,.,.,.,.,.,.,.,.,.,.,.,X,.,.,.,.,.,.,O,.,.,.,.,.,.,O,.,.,.,.,.,.,O,.,X,X,.,.,I2
.,.,.,.,.,.,.,.,O,.,.,.,.,.,.,X,.,.,.,.,.,.,O,.,.,.,.,.,.,O,.,.,.,.,.,.,O,.,X,X,.,.,I3
.,.,.,.,.,.,.,.,O,.,.,.,.,.,.,X,.,.,.,.,.,.,O,.,.,.,.,.,.,O,.,.,.,.,.,.,O,X,X,X,.,.,I5
.,.,.,.,.,.,.,.,O,.,.,.,.,.,.,X,.,.,.,.,.,.,O,.,.,.,.,.,.,O,.,.,O,.,.,.,O,X,X,X,.,.,I3
.,.,.,.,.,.,.,.,O,.,.,.,.,.,.,X,.,.,.,.,.,.,O,.,.,.,.,.,.,O,X,.,O,.,.,.,O,X,X,X,.,.,I3
.,.,.,.,.,.,.,.,O,.,.,.,.,.,.,X,.,.,.,.,.,.,O,O,.,.,.,.,.,O,X,.,O,.,.,.,O,X,X,X,.,.,I2
.,X,.,.,.,.,.,.,O,.,.,.,.,.,.,X,.,.,.,.,.,.,O,O,.,.,.,.,.,O,X,.,O,.,.,.,O,X,X,X,.,.,I5
.,X,.,.,.,.,.,.,O,.,.,.,.,.,.,X,.,.,.,.,.,.,O,O,.,O,.,.,.,O,X,.,O,.,.,.,O,X,X,X,.,.,I4
.,X,.,.,.,.,.,.,O,.,.,.,.,.,.,X,.,.,.,.,.,.,O,O,.,O,.,.,.,O,X,X,O,.,.,.,O,X,X,X,.,.,I6
.,X,.,.,.,.,.,.,O,.,.,.,.,.,.,X,.,.,.,.,.,.,O,O,.,O,.,.,.,O,X,X,O,.,.,.,O,X,X,X,O,.,I4
.,X,.,.,.,.,.,.,O,.,.,.,.,.,.,X,.,.,.,.,.,.,O,O,X,O,.,.,.,O,X,X,O,.,.,.,O,X,X,X,O,.,I6
.,X,.,.,.,.,.,.,O,.,.,.,.,.,.,X,.,.,.,.,.,.,O,O,X,O,.,.,.,O,X,X,O,O,.,.,O,X,X,X,O,.,I3
.,X,.,.,.,.,.,.,O,.,.,.,.,.,.,X,X,.,.,.,.,.,O,O,X,O,.,.,.,O,X,X,O,O,.,.,O,X,X,X,O,.,I4
.,X,.,.,.,.,.,.,O,.,.,.,.,.,.,X,X,O,.,.,.,.,O,O,X,O,.,.,.,O,X,X,O,O,.,.,O,X,X,X,O,.,R4
.,.,.,.,.,.,.,.,.,.,.,.,.,.,.,.,.,.,.,.,.,.,.,.,.,.,.,.,.,.,.,.,.,.,.,.,.,.,.,.,.,.,I3
.,.,.,.,.,.,.,.,.,.,.,.,.,.,.,.,.,.,.,.,.,.,.,.,.,.,.,.,.,.,.,.,.,.,.,.,.,O,.,.,.,.,I2
.,.,.,.,.,.,.,.,.,.,.,.,.,.,.,.,.,.,.,.,.,.,.,.,.,.,.,.,.,.,.,.,.,.,.,.,X,O,.,.,.,.,I2
.,.,.,.,.,.,.,.,.,.,.,.,.,.,.,.,.,.,.,.,.,.,.,.,.,.,.,.,.,O,.,.,.,.,.,.,X,O,.,.,.,.,I5
.,.,.,.,.,.,.,.,.,.,.,.,.,.,.,.,.,.,.,.,.,.,.,.,.,.,.,.,.,O,.,.,.,.,.,.,X,O,.,X,.,.,I1
.,.,.,.,.,.,.,.,.,.,.,.,.,.,.,.,.,.,.,.,.,.,.,.,.,.,.,.,.,O,.,.,.,.,.,O,X,O,.,X,.,.,I5
.,.,.,.,.,.,.,.,.,.,.,.,.,.,.,.,.,.,.,.,.,.,.,.,.,.,.,.,.,O,.,.,X,.,.,O,X,O,.,X,.,.,I3
.,.,.,.,.,.,.,.,.,.,.,.,.,.,.,.,.,.,.,.,.,.,.,.,.,.,.,.,.,O,O,.,X,.,.,O,X,O,.,X,.,.,I5
.,.,.,.,.,.,.,.,.,.,.,.,.,.,.,.,.,.,.,.,.,.,.,.,.,X,.,.,.,O,O,.,X,.,.,O,X,O,.,X,.,.,I5
.,.,.,.,.,.,.,.,.,.,.,.,.,.,.,.,.,.,O,.,.,.,.,.,.,X,.,.,.,O,O,.,X,.,.,O,X,O,.,X,.,.,I7
.,.,.,.,.,.,.,.,.,.,.,.,.,.,.,.,.,.,O,.,.,.,.,.,.,X,.,.,.,O,O,.,X,.,.,O,X,O,.,X,.,X,I4
.,.,.,.,.,.,.,.,.,.,.,.,.,.,.,.,.,.,O,.,.,.,.,.,.,X,.,.,.,O,O,.,X,.,.,O,X,O,O,X,.,X,R2
.,.,.,.,.,.,.,.,.,.,.,.,.,.,.,.,.,.,.,.,.,.,.,.,.,.,.,.,.,.,.,.,.,.,.,.,.,.,.,.,.,.,I4
.,.,.,.,.,.,.,.,.,.,.,.,.,.,.,.,.,.,.,.,.,.,.,.,.,.,.,.,.,.,.,.,.,.,.,.,.,.,O,.,.,.,I5
.,.,.,.,.,.,.,.,.,.,.,.,.,.,.,.,.,.,.,.,.,.,.,.,.,.,.,.,.,.,.,.,.,.,.,.,.,.,O,X,.,.,I4
.,.,.,.,.,.,.,.,.,.,.,.,.,.,.,.,.,.,.,.,.,.,.,.,.,.,.,.,.,.,.,O,.,.,.,.,.,.,O,X,.,.,I3
.,.,.,.,.,.,.,.,.,.,.,.,.,.,.,.,.,.,.,.,.,.,.,.,.,.,.,.,.,.,.,O,.,.,.,.,.,X,O,X,.,.,I4
.,.,.,.,.,.,.,.,.,.,.,.,.,.,.,.,.,.,.,.,.,.,.,.,O,.,.,.,.,.,.,O,.,.,.,.,.,X,O,X,.,.,I5
.,.,.,.,.,.,.,.,.,.,.,.,.,.,.,.,.,.,.,.,.,.,.,.,O,.,.,.,.,.,.,O,X,.,.,.,.,X,O,X,.,.,I7
.,.,.,.,.,.,.,.,.,.,.,.,.,.,.,.,.,.,.,.,.,.,.,.,O,.,.,.,.,.,.,O,X,.,.,.,.,X,O,X,.,O,I5
.,.,.,.,.,.,.,.,.,.,.,.,.,.,.,.,.,.,.,.,.,.,.,.,O,X,.,.,.,.,.,O,X,.,.,.,.,X,O,X,.,O,I5
.,.,.,.,.,.,.,.,.,.,.,.,.,.,.,.,.,.,O,.,.,.,.,.,O,X,.,.,.,.,.,O,X,.,.,.,.,X,O,X,.,O,I4
.,.,.,.,.,.,.,.,.,.,.,.,.,.,.,.,.,X,O,.,.,.,.,.,O,X,.,.,.,.,.,O,X,.,.,.,.,X,O,X,.,O,I6
.,.,.,.,.,.,.,.,.,.,.,.,.,.,.,.,.,X,O,.,.,.,.,.,O,X,.,.,.,.,.,O,X,.,.,.,.,X,O,X,O,O,I1
.,.,.,.,.,.,.,.,.,.,.,.,.,.,.,.,.,X,O,.,.,.,.,.,O,X,.,.,.,.,.,O,X,.,.,X,.,X,O,X,O,O,I7
.,.,.,.,.,.,.,.,.,.,.,.,.,.,.,.,.,X,O,.,.,.,.,.,O,X,.,.,.,.,.,O,X,.,O,X,.,X,O,X,O,O,I3
.,.,.,.,.,.,.,.,.,.,.,.,.,.,.,.,.,X,O,.,.,.,.,.,O,X,.,.,.,.,X,O,X,.,O,X,.,X,O,X,O,O,I7
.,.,.,.,.,.,.,.,.,.,.,.,.,.,.,.,.,X,O,.,.,.,.,.,O,X,.,O,.,.,X,O,X,.,O,X,.,X,O,X,O,O,I2
.,.,.,.,.,.,.,.,.,.,.,.,.,.,.,.,.,X,O,.,.,.,.,.,O,X,.,O,.,.,X,O,X,.,O,X,X,X,O,X,O,O,I4
.,.,.,.,.,.,.,.,.,.,O,.,.,.,.,.,.,X,O,.,.,.,.,.,O,X,.,O,.,.,X,O,X,.,O,X,X,X,O,X,O,O,I3
.,.,.,.,.,.,.,.,.,.,O,.,.,.,.,.,.,X,O,.,.,.,.,X,O,X,.,O,.,.,X,O,X,.,O,X,X,X,O,X,O,O,I3
.,.,.,.,.,.,.,.,.,.,O,.,.,.,.,.,O,X,O,.,.,.,.,X,O,X,.,O,.,.,X,O,X,.,O,X,X,X,O,X,O,O,I4
.,.,.,X,.,.,.,.,.,.,O,.,.,.,.,.,O,X,O,.,.,.,.,X,O,X,.,O,.,.,X,O,X,.,O,X,X,X,O,X,O,O,I2
.,.,.,X,.,.,.,.,.,.,O,.,.,.,.,.,O,X,O,.,.,.,.,X,O,X,.,O,.,O,X,O,X,.,O,X,X,X,O,X,O,O,I5
.,.,.,X,.,.,.,.,.,.,O,X,.,.,.,.,O,X,O,.,.,.,.,X,O,X,.,O,.,O,X,O,X,.,O,X,X,X,O,X,O,O,I2
.,.,.,X,.,.,.,.,.,.,O,X,.,.,.,.,O,X,O,.,.,.,O,X,O,X,.,O,.,O,X,O,X,.,O,X,X,X,O,X,O,O,R2
.,.,.,X,.,.,.,.,.,.,O,X,.,.,.,.,O,X,O,.,.,.,.,X,O,X,.,O,.,O,X,O,X,.,O,X,O,X,O,X,O,O,I2
.,.,.,X,.,.,.,.,.,.,O,X,.,.,.,.,O,X,O,.,.,.,O,X,O,X,.,O,.,O,X,O,X,.,O,X,O,X,O,X,O,O,I2
.,.,.,X,.,.,.,.,.,.,O,X,.,.,.,X,O,X,O,.,.,.,O,X,O,X,.,O,.,O,X,O,X,.,O,X,O,X,O,X,O,O,I3
.,.,.,X,.,.,.,.,.,O,O,X,.,.,.,X,O,X,O,.,.,.,O,X,O,X,.,O,.,O,X,O,X,.,O,X,O,X,O,X,O,O,I6
.,.,.,X,.,.,.,.,.,O,O,X,.,.,.,X,O,X,O,.,.,.,O,X,O,X,.,O,.,O,X,O,X,X,O,X,O,X,O,X,O,O,I2
.,.,.,X,.,.,.,.,O,O,O,X,.,.,.,X,O,X,O,.,.,.,O,X,O,X,.,O,.,O,X,O,X,X,O,X,O,X,O,X,O,O,I6
.,.,.,X,.,.,.,.,O,O,O,X,.,.,.,X,O,X,O,.,.,.,O,X,O,X,X,O,.,O,X,O,X,X,O,X,O,X,O,X,O,O,R4
.,.,.,.,.,.,.,.,.,.,.,.,.,.,.,.,.,.,.,.,.,.,.,.,.,.,.,.,.,.,.,.,.,.,.,.,.,.,.,.,.,.,I7
.,.,.,.,.,.,.,.,.,.,.,.,.,.,.,.,.,.,.,.,.,.,.,.,.,.,.,.,.,.,.,.,.,.,.,.,.,.,.,.,.,O,I3
.,.,.,.,.,.,.,.,.,.,.,.,.,.,.,.,.,.,.,.,.,.,.,.,.,.,.,.,.,.,.,.,.,.,.,.,.,X,.,.,.,O,I6
.,.,.,.,.,.,.,.,.,.,.,.,.,.,.,.,.,.,.,.,.,.,.,.,.,.,.,.,.,.,.,.,.,.,.,.,.,X,.,.,O,O,I4
.,.,.,.,.,.,.,.,.,.,.,.,.,.,.,.,.,.,.,.,.,.,.,.,.,.,.,.,.,.,.,.,.,.,.,.,.,X,X,.,O,O,I1
.,.,.,.,.,.,.,.,.,.,.,.,.,.,.,.,.,.,.,.,.,.,.,.,.,.,.,.,.,.,.,.,.,.,.,O,.,X,X,.,O,O,R3
.,.,.,.,.,.,.,.,.,.,.,.,.,.,.,.,.,.,.,.,.,.,.,.,.,.,.,.,.,.,.,.,.,.,.,O,.,.,X,.,O,O,I4
.,.,.,.,.,.,.,.,.,.,.,.,.,.,.,.,.,.,.,.,.,.,.,.,.,.,.,.,.,.,.,O,.,.,.,O,.,.,X,.,O,O,I4
.,.,.,.,.,.,.,.,.,.,.,.,.,.,.,.,.,.,.,.,.,.,.,.,X,.,.,.,.,.,.,O,.,.,.,O,.,.,X,.,O,O,I6
.,.,.,.,.,.,.,.,.,.,.,.,.,.,.,.,.,.,.,.,.,.,.,.,X,.,.,.,.,.,.,O,.,O,.,O,.,.,X,.,O,O,I7
.,.,.,.,.,.,.,.,.,.,.,.,.,.,.,.,.,.,.,.,.,.,.,.,X,.,.,.,.,.,.,O,.,O,X,O,.,.,X,.,O,O,I6
.,.,.,.,.,.,.,.,.,.,.,.,.,.,.,.,.,.,.,.,.,.,.,.,X,.,O,.,.,.,.,O,.,O,X,O,.,.,X,.,O,O,I6
.,.,.,.,.,.,.,.,.,.,.,.,.,.,.,.,.,.,.,X,.,.,.,.,X,.,O,.,.,.,.,O,.,O,X,O,.,.,X,.,O,O,I3
.,.,.,.,.,.,.,.,.,.,.,.,.,.,.,.,.,.,.,X,.,.,.,.,X,.,O,.,.,.,.,O,.,O,X,O,.,O,X,.,O,O,R4
.,.,.,.,.,.,.,.,.,.,.,.,.,.,.,.,.,.,.,X,.,.,.,.,.,.,O,.,.,.,.,X,.,O,X,O,.,O,O,.,O,O,R7
.,.,.,.,.,.,.,.,.,.,.,.,.,.,.,.,.,.,.,X,.,.,.,.,.,.,O,.,.,.,.,X,.,O,.,O,.,O,O,.,O,X,I3
.,.,.,.,.,.,.,.,.,.,.,.,.,.,.,.,.,.,.,X,.,.,.,.,.,.,O,.,.,.,X,X,.,O,.,O,.,O,O,.,O,X,I6
.,.,.,.,.,.,.,.,.,.,.,.,O,.,.,.,.,.,.,X,.,.,.,.,.,.,O,.,.,.,X,X,.,O,.,O,.,O,O,.,O,X,I5
.,.,.,.,.,.,.,.,.,.,.,.,O,.,.,.,.,.,.,X,.,.,.,.,.,.,O,.,.,.,X,X,.,O,.,O,.,O,O,X,O,X,I6
.,.,.,.,.,O,.,.,.,.,.,.,O,.,.,.,.,.,.,X,.,.,.,.,.,.,O,.,.,.,X,X,.,O,.,O,.,O,O,X,O,X,I7
.,.,.,.,.,O,.,.,.,.,.,.,O,.,.,.,.,.,.,X,.,.,.,.,.,.,O,.,.,.,X,X,.,O,X,O,.,O,O,X,O,X,I7
.,.,.,.,.,O,.,.,.,.,.,.,O,.,.,.,.,.,.,X,.,.,.,.,.,.,O,O,.,.,X,X,.,O,X,O,.,O,O,X,O,X,R7
.,.,.,.,.,O,.,.,.,.,.,.,O,.,.,.,.,.,.,X,.,.,.,.,.,.,O,.,.,.,X,X,.,O,O,O,.,O,O,X,O,X,I7
.,.,.,.,.,O,.,.,.,.,.,.,O,.,.,.,.,.,.,X,.,.,.,.,.,.,O,O,.,.,X,X,.,O,O,O,.,O,O,X,O,X,I3
.,.,.,.,.,O,.,.,.,.,.,.,O,.,.,.,.,.,.,X,.,.,.,X,.,.,O,O,.,.,X,X,.,O,O,O,.,O,O,X,O,X,I4
.,.,.,.,.,O,.,.,.,.,.,.,O,.,.,.,.,.,.,X,.,.,.,X,O,.,O,O,.,.,X,X,.,O,O,O,.,O,O,X,O,X,I5
.,.,.,.,.,O,.,.,.,.,.,.,O,.,.,.,.,.,.,X,.,.,.,X,O,.,O,O,.,.,X,X,X,O,O,O,.,O,O,X,O,X,I7
.,.,.,.,.,O,.,.,.,.,.,.,O,.,.,.,.,.,.,X,O,.,.,X,O,.,O,O,.,.,X,X,X,O,O,O,.,O,O,X,O,X,I5
.,.,.,.,.,O,.,.,.,.,.,.,O,.,.,.,.,.,.,X,O,.,.,X,O,X,O,O,.,.,X,X,X,O,O,O,.,O,O,X,O,X,R3
.,.,.,.,.,.,.,.,.,.,.,.,.,.,.,.,.,.,.,.,.,.,.,.,.,.,.,.,.,.,.,.,.,.,.,.,.,.,.,.,.,.,I5
.,.,.,.,.,.,.,.,.,.,.,.,.,.,.,.,.,.,.,.,.,.,.,.,.,.,.,.,.,.,.,.,.,.,.,.,.,.,.,O,.,.,I6
.,.,.,.,.,.,.,.,.,.,.,.,.,.,.,.,.,.,.,.,.,.,.,.,.,.,.,.,.,.,.,.,.,.,.,.,.,.,.,O,X,.,I2
.,.,.,.,.,.,.,.,.,.,.,.,.,.,.,.,.,.,.,.,.,.,.,.,.,.,.,.,.,.,.,.,.,.,.,.,O,.,.,O,X,.,I2
.,.,.,.,.,.,.,.,.,.,.,.,.,.,.,.,.,.,.,.,.,.,.,.,.,.,.,.,.,X,.,.,.,.,.,.,O,.,.,O,X,.,I5
.,.,.,.,.,.,.,.,.,.,.,.,.,.,.,.,.,.,.,.,.,.,.,.,.,.,.,.,.,X,.,.,O,.,.,.,O,.,.,O,X,.,I5
.,.,.,.,.,.,.,.,.,.,.,.,.,.,.,.,.,.,.,.,.,.,.,.,.,X,.,.,.,X,.,.,O,.,.,.,O,.,.,O,X,.,R5
.,.,.,.,.,.,.,.,.,.,.,.,.,.,.,.,.,.,.,.,.,.,.,.,.,.,.,.,.,X,.,.,X,.,.,.,O,.,.,O,X,.,I3
.,.,.,.,.,.,.,.,.,.,.,.,.,.,.,.,.,.,.,.,.,.,.,.,.,.,.,.,.,X,.,.,X,.,.,.,O,X,.,O,X,.,R2
.,.,.,.,.,.,.,.,.,.,.,.,.,.,.,.,.,.,.,.,.,.,.,.,.,.,.,.,.,.,.,.,X,.,.,.,X,X,.,O,X,.,I4
.,.,.,.,.,.,.,.,.,.,.,.,.,.,.,.,.,.,.,.,.,.,.,.,.,.,.,.,.,.,.,.,X,.,.,.,X,X,X,O,X,.,R5
.,.,.,.,.,.,.,.,.,.,.,.,.,.,.,.,.,.,.,.,.,.,.,.,.,.,.,.,.,.,.,.,.,.,.,.,.,.,.,.,.,.,I5
.,.,.,.,.,.,.,.,.,.,.,.,.,.,.,.,.,.,.,.,.,.,.,.,.,.,.,.,.,.,.,.,.,.,.,.,.,.,.,O,.,.,I1
.,.,.,.,.,.,.,.,.,.,.,.,.,.,.,.,.,.,.,.,.,.,.,.,.,.,.,.,.,.,.,.,.,.,.,X,.,.,.,O,.,.,I1
.,.,.,.,.,.,.,.,.,.,.,.,.,.,.,.,.,.,.,.,.,.,.,.,.,.,.,.,O,.,.,.,.,.,.,X,.,.,.,O,.,.,I4
.,.,.,.,.,.,.,.,.,.,.,.,.,.,.,.,.,.,.,.,.,.,.,.,.,.,.,.,O,.,.,.,.,.,.,X,.,.,X,O,.,.,I4
.,.,.,.,.,.,.,.,.,.,.,.,.,.,.,.,.,.,.,.,.,.,.,.,.,.,.,.,O,.,.,O,.,.,.,X,.,.,X,O,.,.,I5
.,.,.,.,.,.,.,.,.,.,.,.,.,.,.,.,.,.,.,.,.,.,.,.,.,.,.,.,O,.,.,O,X,.,.,X,.,.,X,O,.,.,I4
.,.,.,.,.,.,.,.,.,.,.,.,.,.,.,.,.,.,.,.,.,.,.,.,O,.,.,.,O,.,.,O,X,.,.,X,.,.,X,O,.,.,R1
.,.,.,.,.,.,.,.,.,.,.,.,.,.,.,.,.,.,.,.,.,.,.,.,O,.,.,.,.,.,.,O,X,.,.,O,.,.,X,O,.,.,I5
.,.,.,.,.,.,.,.,.,.,.,.,.,.,.,.,.,.,.,.,.,.,.,.,O,O,.,.,.,.,.,O,X,.,.,O,.,.,X,O,.,.,I6
.,.,.,.,.,.,.,.,.,.,.,.,.,.,.,.,.,.,.,.,.,.,.,.,O,O,.,.,.,.,.,O,X,.,.,O,.,.,X,O,X,.,I6
.,.,.,.,.,.,.,.,.,.,.,.,.,.,.,.,.,.,.,.,.,.,.,.,O,O,.,.,.,.,.,O,X,O,.,O,.,.,X,O,X,.,I4
.,.,.,.,.,.,.,.,.,.,.,.,.,.,.,.,.,X,.,.,.,.,.,.,O,O,.,.,.,.,.,O,X,O,.,O,.,.,X,O,X,.,I7
.,.,.,.,.,.,.,.,.,.,.,.,.,.,.,.,.,X,.,.,.,.,.,.,O,O,.,.,.,.,.,O,X,O,.,O,.,.,X,O,X,O,I7
.,.,.,.,.,.,.,.,.,.,.,.,.,.,.,.,.,X,.,.,.,.,.,.,O,O,.,.,.,.,.,O,X,O,X,O,.,.,X,O,X,O,I7
.,.,.,.,.,.,.,.,.,.,.,.,.,.,.,.,.,X,.,.,.,.,.,.,O,O,.,O,.,.,.,O,X,O,X,O,.,.,X,O,X,O,I5
.,.,.,.,.,.,.,.,.,.,.,.,.,.,.,.,.,X,X,.,.,.,.,.,O,O,.,O,.,.,.,O,X,O,X,O,.,.,X,O,X,O,R7
.,.,.,.,.,.,.,.,.,.,.,.,.,.,.,.,.,X,X,.,.,.,.,.,O,O,.,.,.,.,.,O,X,O,O,O,.,.,X,O,X,X,I7
.,.,.,.,.,.,.,.,.,.,.,.,.,.,.,.,.,X,X,.,.,.,.,.,O,O,.,X,.,.,.,O,X,O,O,O,.,.,X,O,X,X,I6
.,.,.,.,.,.,.,.,.,.,.,.,.,.,.,.,.,X,X,.,.,.,.,.,O,O,O,X,.,.,.,O,X,O,O,O,.,.,X,O,X,X,R7
.,.,.,.,.,.,.,.,.,.,.,.,.,.,.,.,.,X,X,.,.,.,.,.,O,O,O,.,.,.,.,O,X,O,X,O,.,.,X,O,X,O,I2
.,.,.,.,.,.,.,.,.,.,.,.,.,.,.,.,.,X,X,.,.,.,.,.,O,O,O,.,.,.,.,O,X,O,X,O,O,.,X,O,X,O,I6
.,.,.,.,.,.,.,.,.,.,.,.,.,.,.,.,.,X,X,X,.,.,.,.,O,O,O,.,.,.,.,O,X,O,X,O,O,.,X,O,X,O,R2
.,.,.,.,.,.,.,.,.,.,.,.,.,.,.,.,.,X,X,X,.,.,.,.,O,O,O,.,.,.,.,O,X,O,X,O,.,.,X,O,X,O,I4
.,.,.,.,.,.,.,.,.,.,X,.,.,.,.,.,.,X,X,X,.,.,.,.,O,O,O,.,.,.,.,O,X,O,X,O,.,.,X,O,X,O,I5
.,.,.,.,.,.,.,.,.,.,X,O,.,.,.,.,.,X,X,X,.,.,.,.,O,O,O,.,.,.,.,O,X,O,X,O,.,.,X,O,X,O,I7
.,.,.,.,.,.,.,.,.,.,X,O,.,.,.,.,.,X,X,X,.,.,.,.,O,O,O,X,.,.,.,O,X,O,X,O,.,.,X,O,X,O,I7
.,.,.,.,.,.,.,.,.,.,X,O,.,.,.,.,.,X,X,X,O,.,.,.,O,O,O,X,.,.,.,O,X,O,X,O,.,.,X,O,X,O,I3
.,.,.,.,.,.,.,.,.,.,X,O,.,.,.,.,.,X,X,X,O,.,.,.,O,O,O,X,.,.,.,O,X,O,X,O,.,X,X,O,X,O,R5
.,.,.,.,.,.,.,.,.,.,.,.,.,.,.,.,.,.,.,.,.,.,.,.,.,.,.,.,.,.,.,.,.,.,.,.,.,.,.,.,.,.,I3
.,.,.,.,.,.,.,.,.,.,.,.,.,.,.,.,.,.,.,.,.,.,.,.,.,.,.,.,.,.,.,.,.,.,.,.,.,O,.,.,.,.,I5
.,.,.,.,.,.,.,.,.,.,.,.,.,.,.,.,.,.,.,.,.,.,.,.,.,.,.,.,.,.,.,.,.,.,.,.,.,O,.,X,.,.,I4
.,.,.,.,.,.,.,.,.,.,.,.,.,.,.,.,.,.,.,.,.,.,.,.,.,.,.,.,.,.,.,.,.,.,.,.,.,O,O,X,.,.,I3
.,.,.,.,.,.,.,.,.,.,.,.,.,.,.,.,.,.,.,.,.,.,.,.,.,.,.,.,.,.,X,.,.,.,.,.,.,O,O,X,.,.,I2
.,.,.,.,.,.,.,.,.,.,.,.,.,.,.,.,.,.,.,.,.,.,.,.,.,.,.,.,.,.,X,.,.,.,.,.,O,O,O,X,.,.,I1
.,.,.,.,.,.,.,.,.,.,.,.,.,.,.,.,.,.,.,.,.,.,.,.,.,.,.,.,.,.,X,.,.,.,.,X,O,O,O,X,.,.,I1
.,.,.,.,.,.,.,.,.,.,.,.,.,.,.,.,.,.,.,.,.,.,.,.,.,.,.,.,O,.,X,.,.,.,.,X,O,O,O,X,.,.,R1
.,.,.,.,.,.,.,.,.,.,.,.,.,.,.,.,.,.,.,.,.,.,.,.,.,.,.,.,.,.,.,.,.,.,.,.,.,.,.,.,.,.,I5
.,.,.,.,.,.,.,.,.,.,.,.,.,.,.,.,.,.,.,.,.,.,.,.,.,.,.,.,.,.,.,.,.,.,.,.,.,.,.,O,.,.,I5
.,.,.,.,.,.,.,.,.,.,.,.,.,.,.,.,.,.,.,.,.,.,.,.,.,.,.,.,.,.,.,.,X,.,.,.,.,.,.,O,.,.,I5
.,.,.,.,.,.,.,.,.,.,.,.,.,.,.,.,.,.,.,.,.,.,.,.,.,O,.,.,.,.,.,.,X,.,.,.,.,.,.,O,.,.,I6
.,.,.,.,.,.,.,.,.,.,.,.,.,.,.,.,.,.,.,.,.,.,.,.,.,O,.,.,.,.,.,.,X,.,.,.,.,.,.,O,X,.,I5
.,.,.,.,.,.,.,.,.,.,.,.,.,.,.,.,.,.,O,.,.,.,.,.,.,O,.,.,.,.,.,.,X,.,.,.,.,.,.,O,X,.,I7
.,.,.,.,.,.,.,.,.,.,.,.,.,.,.,.,.,.,O,.,.,.,.,.,.,O,.,.,.,.,.,.,X,.,.,.,.,.,.,O,X,X,I5
.,.,.,.,.,.,.,.,.,.,.,O,.,.,.,.,.,.,O,.,.,.,.,.,.,O,.,.,.,.,.,.,X,.,.,.,.,.,.,O,X,X,I5
.,.,.,.,X,.,.,.,.,.,.,O,.,.,.,.,.,.,O,.,.,.,.,.,.,O,.,.,.,.,.,.,X,.,.,.,.,.,.,O,X,X,I6
.,.,.,.,X,.,.,.,.,.,.,O,.,.,.,.,.,.,O,.,.,.,.,.,.,O,.,.,.,.,.,.,X,O,.,.,.,.,.,O,X,X,I4
.,.,.,.,X,.,.,.,.,.,.,O,.,.,.,.,.,.,O,.,.,.,.,.,.,O,.,.,.,.,.,.,X,O,.,.,.,.,X,O,X,X,R5
.,.,.,.,.,.,.,.,.,.,.,.,.,.,.,.,.,.,.,.,.,.,.,.,.,.,.,.,.,.,.,.,.,.,.,.,.,.,.,.,.,.,I4
.,.,.,.,.,.,.,.,.,.,.,.,.,.,.,.,.,.,.,.,.,.,.,.,.,.,.,.,.,.,.,.,.,.,.,.,.,.,O,.,.,.,I7
.,.,.,.,.,.,.,.,.,.,.,.,.,.,.,.,.,.,.,.,.,.,.,.,.,.,.,.,.,.,.,.,.,.,.,.,.,.,O,.,.,X,I5
.,.,.,.,.,.,.,.,.,.,.,.,.,.,.,.,.,.,.,.,.,.,.,.,.,.,.,.,.,.,.,.,.,.,.,.,.,.,O,O,.,X,I6
.,.,.,.,.,.,.,.,.,.,.,.,.,.,.,.,.,.,.,.,.,.,.,.,.,.,.,.,.,.,.,.,.,.,.,.,.,.,O,O,X,X,I7
.,.,.,.,.,.,.,.,.,.,.,.,.,.,.,.,.,.,.,.,.,.,.,.,.,.,.,.,.,.,.,.,.,.,O,.,.,.,O,O,X,X,I4
.,.,.,.,.,.,.,.,.,.,.,.,.,.,.,.,.,.,.,.,.,.,.,.,.,.,.,.,.,.,.,X,.,.,O,.,.,.,O,O,X,X,I6
.,.,.,.,.,.,.,.,.,.,.,.,.,.,.,.,.,.,.,.,.,.,.,.,.,.,.,.,.,.,.,X,.,O,O,.,.,.,O,O,X,X,I5
.,.,.,.,.,.,.,.,.,.,.,.,.,.,.,.,.,.,.,.,.,.,.,.,.,.,.,.,.,.,.,X,X,O,O,.,.,.,O,O,X,X,I3
.,.,.,.,.,.,.,.,.,.,.,.,.,.,.,.,.,.,.,.,.,.,.,.,.,.,.,.,.,.,.,X,X,O,O,.,.,O,O,O,X,X,R6
.,.,.,.,.,.,.,.,.,.,.,.,.,.,.,.,.,.,.,.,.,.,.,.,.,.,.,.,.,.,.,.,.,.,.,.,.,.,.,.,.,.,I4
.,.,.,.,.,.,.,.,.,.,.,.,.,.,.,.,.,.,.,.,.,.,.,.,.,.,.,.,.,.,.,.,.,.,.,.,.,.,O,.,.,.,I4
.,.,.,.,.,.,.,.,.,.,.,.,.,.,.,.,.,.,.,.,.,.,.,.,.,.,.,.,.,.,.,X,.,.,.,.,.,.,O,.,.,.,I2
.,.,.,.,.,.,.,.,.,.,.,.,.,.,.,.,.,.,.,.,.,.,.,.,.,.,.,.,.,.,.,X,.,.,.,.,O,.,O,.,.,.,I1
.,.,.,.,.,.,.,.,.,.,.,.,.,.,.,.,.,.,.,.,.,.,.,.,.,.,.,.,.,.,.,X,.,.,.,X,O,.,O,.,.,.,I6
.,.,.,.,.,.,.,.,.,.,.,.,.,.,.,.,.,.,.,.,.,.,.,.,.,.,.,.,.,.,.,X,.,.,.,X,O,.,O,.,O,.,I5
.,.,.,.,.,.,.,.,.,.,.,.,.,.,.,.,.,.,.,.,.,.,.,.,.,.,.,.,.,.,.,X,.,.,.,X,O,.,O,X,O,.,I6
.,.,.,.,.,.,.,.,.,.,.,.,.,.,.,.,.,.,.,.,.,.,.,.,.,.,.,.,.,.,.,X,.,O,.,X,O,.,O,X,O,.,I2
.,.,.,.,.,.,.,.,.,.,.,.,.,.,.,.,.,.,.,.,.,.,.,.,.,.,.,.,.,X,.,X,.,O,.,X,O,.,O,X,O,.,I6
.,.,.,.,.,.,.,.,.,.,.,.,.,.,.,.,.,.,.,.,.,.,.,.,.,.,O,.,.,X,.,X,.,O,.,X,O,.,O,X,O,.,I4
.,.,.,.,.,.,.,.,.,.,.,.,.,.,.,.,.,.,.,.,.,.,.,.,X,.,O,.,.,X,.,X,.,O,.,X,O,.,O,X,O,.,I5
.,.,.,.,.,.,.,.,.,.,.,.,.,.,.,.,.,.,.,.,.,.,.,.,X,.,O,.,.,X,.,X,O,O,.,X,O,.,O,X,O,.,I3
.,.,.,.,.,.,.,.,.,.,.,.,.,.,.,.,.,.,.,.,.,.,.,.,X,.,O,.,.,X,.,X,O,O,.,X,O,X,O,X,O,.,I5
.,.,.,.,.,.,.,.,.,.,.,.,.,.,.,.,.,.,.,.,.,.,.,.,X,O,O,.,.,X,.,X,O,O,.,X,O,X,O,X,O,.,I6
.,.,.,.,.,.,.,.,.,.,.,.,.,.,.,.,.,.,.,X,.,.,.,.,X,O,O,.,.,X,.,X,O,O,.,X,O,X,O,X,O,.,I5
.,.,.,.,.,.,.,.,.,.,.,.,.,.,.,.,.,.,O,X,.,.,.,.,X,O,O,.,.,X,.,X,O,O,.,X,O,X,O,X,O,.,I4
.,.,.,.,.,.,.,.,.,.,.,.,.,.,.,.,.,X,O,X,.,.,.,.,X,O,O,.,.,X,.,X,O,O,.,X,O,X,O,X,O,.,I4
.,.,.,.,.,.,.,.,.,.,O,.,.,.,.,.,.,X,O,X,.,.,.,.,X,O,O,.,.,X,.,X,O,O,.,X,O,X,O,X,O,.,I6
.,.,.,.,.,.,.,.,.,.,O,.,X,.,.,.,.,X,O,X,.,.,.,.,X,O,O,.,.,X,.,X,O,O,.,X,O,X,O,X,O,.,I7
.,.,.,.,.,.,.,.,.,.,O,.,X,.,.,.,.,X,O,X,.,.,.,.,X,O,O,.,.,X,.,X,O,O,.,X,O,X,O,X,O,O,R5
.,.,.,.,.,.,.,.,.,.,.,.,.,.,.,.,.,.,.,.,.,.,.,.,.,.,.,.,.,.,.,.,.,.,.,.,.,.,.,.,.,.,I2
.,.,.,.,.,.,.,.,.,.,.,.,.,.,.,.,.,.,.,.,.,.,.,.,.,.,.,.,.,.,.,.,.,.,.,.,O,.,.,.,.,.,I4
.,.,.,.,.,.,.,.,.,.,.,.,.,.,.,.,.,.,.,.,.,.,.,.,.,.,.,.,.,.,.,.,.,.,.,.,O,.,X,.,.,.,I2
.,.,.,.,.,.,.,.,.,.,.,.,.,.,.,.,.,.,.,.,.,.,.,.,.,.,.,.,.,O,.,.,.,.,.,.,O,.,X,.,.,.,I5
.,.,.,.,.,.,.,.,.,.,.,.,.,.,.,.,.,.,.,.,.,.,.,.,.,.,.,.,.,O,.,.,.,.,.,.,O,.,X,X,.,.,I2
.,.,.,.,.,.,.,.,.,.,.,.,.,.,.,.,.,.,.,.,.,.,O,.,.,.,.,.,.,O,.,.,.,.,.,.,O,.,X,X,.,.,I2
.,.,.,.,.,.,.,.,.,.,.,.,.,.,.,X,.,.,.,.,.,.,O,.,.,.,.,.,.,O,.,.,.,.,.,.,O,.,X,X,.,.,I2
.,.,.,.,.,.,.,.,O,.,.,.,.,.,.,X,.,.,.,.,.,.,O,.,.,.,.,.,.,O,.,.,.,.,.,.,O,.,X,X,.,.,I3
.,.,.,.,.,.,.,.,O,.,.,.,.,.,.,X,.,.,.,.,.,.,O,.,.,.,.,.,.,O,.,.,.,.,.,.,O,X,X,X,.,.,I5
.,.,.,.,.,.,.,.,O,.,.,.,.,.,.,X,.,.,.,.,.,.,O,.,.,.,.,.,.,O,.,.,O,.,.,.,O,X,X,X,.,.,I3
.,.,.,.,.,.,.,.,O,.,.,.,.,.,.,X,.,.,.,.,.,.,O,.,.,.,.,.,.,O,X,.,O,.,.,.,O,X,X,X,.,.,I3
.,.,.,.,.,.,.,.,O,.,.,.,.,.,.,X,.,.,.,.,.,.,O,O,.,.,.,.,.,O,X,.,O,.,.,.,O,X,X,X,.,.,I2
.,X,.,.,.,.,.,.,O,.,.,.,.,.,.,X,.,.,.,.,.,.,O,O,.,.,.,.,.,O,X,.,O,.,.,.,O,X,X,X,.,.,I5
.,X,.,.,.,.,.,.,O,.,.,.,.,.,.,X,.,.,.,.,.,.,O,O,.,O,.,.,.,O,X,.,O,.,.,.,O,X,X,X,.,.,I4
.,X,.,.,.,.,.,.,O,.,.,.,.,.,.,X,.,.,.,.,.,.,O,O,.,O,.,.,.,O,X,X,O,.,.,.,O,X,X,X,.,.,I6
.,X,.,.,.,.,.,.,O,.,.,.,.,.,.,X,.,.,.,.,.,.,O,O,.,O,.,.,.,O,X,X,O,.,.,.,O,X,X,X,O,.,I4
.,X,.,.,.,.,.,.,O,.,.,.,.,.,.,X,.,.,.,.,.,.,O,O,X,O,.,.,.,O,X,X,O,.,.,.,O,X,X,X,O,.,I6
.,X,.,.,.,.,.,.,O,.,.,.,.,.,.,X,.,.,.,.,.,.,O,O,X,O,.,.,.,O,X,X,O,O,.,.,O,X,X,X,O,.,I3
.,X,.,.,.,.,.,.,O,.,.,.,.,.,.,X,X,.,.,.,.,.,O,O,X,O,.,.,.,O,X,X,O,O,.,.,O,X,X,X,O,.,I4
.,X,.,.,.,.,.,.,O,.,.,.,.,.,.,X,X,O,.,.,.,.,O,O,X,O,.,.,.,O,X,X,O,O,.,.,O,X,X,X,O,.,R4
.,.,.,.,.,.,.,.,.,.,.,.,.,.,.,.,.,.,.,.,.,.,.,.,.,.,.,.,.,.,.,.,.,.,.,.,.,.,.,.,.,.,I3
.,.,.,.,.,.,.,.,.,.,.,.,.,.,.,.,.,.,.,.,.,.,.,.,.,.,.,.,.,.,.,.,.,.,.,.,.,O,.,.,.,.,I2
.,.,.,.,.,.,.,.,.,.,.,.,.,.,.,.,.,.,.,.,.,.,.,.,.,.,.,.,.,.,.,.,.,.,.,.,X,O,.,.,.,.,I2
.,.,.,.,.,.,.,.,.,.,.,.,.,.,.,.,.,.,.,.,.,.,.,.,.,.,.,.,.,O,.,.,.,.,.,.,X,O,.,.,.,.,I5
.,.,.,.,.,.,.,.,.,.,.,.,.,.,.,.,.,.,.,.,.,.,.,.,.,.,.,.,.,O,.,.,.,.,.,.,X,O,.,X,.,.,I1
.,.,.,.,.,.,.,.,.,.,.,.,.,.,.,.,.,.,.,.,.,.,.,.,.,.,.,.,.,O,.,.,.,.,.,O,X,O,.,X,.,.,I5
.,.,.,.,.,.,.,.,.,.,.,.,.,.,.,.,.,.,.,.,.,.,.,.,.,.,.,.,.,O,.,.,X,.,.,O,X,O,.,X,.,.,I3
.,.,.,.,.,.,.,.,.,.,.,.,.,.,.,.,.,.,.,.,.,.,.,.,.,.,.,.,.,O,O,.,X,.,.,O,X,O,.,X,.,.,I5
.,.,.,.,.,.,.,.,.,.,.,.,.,.,.,.,.,.,.,.,.,.,.,.,.,X,.,.,.,O,O,.,X,.,.,O,X,O,.,X,.,.,I5
.,.,.,.,.,.,.,.,.,.,.,.,.,.,.,.,.,.,O,.,.,.,.,.,.,X,.,.,.,O,O,.,X,.,.,O,X,O,.,X,.,.,I7
.,.,.,.,.,.,.,.,.,.,.,.,.,.,.,.,.,.,O,.,.,.,.,.,.,X,.,.,.,O,O,.,X,.,.,O,X,O,.,X,.,X,I4
.,.,.,.,.,.,.,.,.,.,.,.,.,.,.,.,.,.,O,.,.,.,.,.,.,X,.,.,.,O,O,.,X,.,.,O,X,O,O,X,.,X,R2
.,.,.,.,.,.,.,.,.,.,.,.,.,.,.,.,.,.,.,.,.,.,.,.,.,.,.,.,.,.,.,.,.,.,.,.,.,.,.,.,.,.,I4
.,.,.,.,.,.,.,.,.,.,.,.,.,.,.,.,.,.,.,.,.,.,.,.,.,.,.,.,.,.,.,.,.,.,.,.,.,.,O,.,.,.,I5
.,.,.,.,.,.,.,.,.,.,.,.,.,.,.,.,.,.,.,.,.,.,.,.,.,.,.,.,.,.,.,.,.,.,.,.,.,.,O,X,.,.,I4
.,.,.,.,.,.,.,.,.,.,.,.,.,.,.,.,.,.,.,.,.,.,.,.,.,.,.,.,.,.,.,O,.,.,.,.,.,.,O,X,.,.,I3
.,.,.,.,.,.,.,.,.,.,.,.,.,.,.,.,.,.,.,.,.,.,.,.,.,.,.,.,.,.,.,O,.,.,.,.,.,X,O,X,.,.,I4
.,.,.,.,.,.,.,.,.,.,.,.,.,.,.,.,.,.,.,.,.,.,.,.,O,.,.,.,.,.,.,O,.,.,.,.,.,X,O,X,.,.,I5
.,.,.,.,.,.,.,.,.,.,.,.,.,.,.,.,.,.,.,.,.,.,.,.,O,.,.,.,.,.,.,O,X,.,.,.,.,X,O,X,.,.,I7
.,.,.,.,.,.,.,.,.,.,.,.,.,.,.,.,.,.,.,.,.,.,.,.,O,.,.,.,.,.,.,O,X,.,.,.,.,X,O,X,.,O,I5
.,.,.,.,.,.,.,.,.,.,.,.,.,.,.,.,.,.,.,.,.,.,.,.,O,X,.,.,.,.,.,O,X,.,.,.,.,X,O,X,.,O,I5
.,.,.,.,.,.,.,.,.,.,.,.,.,.,.,.,.,.,O,.,.,.,.,.,O,X,.,.,.,.,.,O,X,.,.,.,.,X,O,X,.,O,I4
.,.,.,.,.,.,.,.,.,.,.,.,.,.,.,.,.,X,O,.,.,.,.,.,O,X,.,.,.,.,.,O,X,.,.,.,.,X,O,X,.,O,I6
.,.,.,.,.,.,.,.,.,.,.,.,.,.,.,.,.,X,O,.,.,.,.,.,O,X,.,.,.,.,.,O,X,.,.,.,.,X,O,X,O,O,I1
.,.,.,.,.,.,.,.,.,.,.,.,.,.,.,.,.,X,O,.,.,.,.,.,O,X,.,.,.,.,.,O,X,.,.,X,.,X,O,X,O,O,I7
.,.,.,.,.,.,.,.,.,.,.,.,.,.,.,.,.,X,O,.,.,.,.,.,O,X,.,.,.,.,.,O,X,.,O,X,.,X,O,X,O,O,I3
.,.,.,.,.,.,.,.,.,.,.,.,.,.,.,.,.,X,O,.,.,.,.,.,O,X,.,.,.,.,X,O,X,.,O,X,.,X,O,X,O,O,I7
.,.,.,.,.,.,.,.,.,.,.,.,.,.,.,.,.,X,O,.,.,.,.,.,O,X,.,O,.,.,X,O,X,.,O,X,.,X,O,X,O,O,I2
.,.,.,.,.,.,.,.,.,.,.,.,.,.,.,.,.,X,O,.,.,.,.,.,O,X,.,O,.,.,X,O,X,.,O,X,X,X,O,X,O,O,I4
.,.,.,.,.,.,.,.,.,.,O,.,.,.,.,.,.,X,O,.,.,.,.,.,O,X,.,O,.,.,X,O,X,.,O,X,X,X,O,X,O,O,I3
.,.,.,.,.,.,.,.,.,.,O,.,.,.,.,.,.,X,O,.,.,.,.,X,O,X,.,O,.,.,X,O,X,.,O,X,X,X,O,X,O,O,I3
.,.,.,.,.,.,.,.,.,.,O,.,.,.,.,.,O,X,O,.,.,.,.,X,O,X,.,O,.,.,X,O,X,.,O,X,X,X,O,X,O,O,I4
.,.,.,X,.,.,.,.,.,.,O,.,.,.,.,.,O,X,O,.,.,.,.,X,O,X,.,O,.,.,X,O,X,.,O,X,X,X,O,X,O,O,I2
.,.,.,X,.,.,.,.,.,.,O,.,.,.,.,.,O,X,O,.,.,.,.,X,O,X,.,O,.,O,X,O,X,.,O,X,X,X,O,X,O,O,I5
.,.,.,X,.,.,.,.,.,.,O,X,.,.,.,.,O,X,O,.,.,.,.,X,O,X,.,O,.,O,X,O,X,.,O,X,X,X,O,X,O,O,I2
.,.,.,X,.,.,.,.,.,.,O,X,.,.,.,.,O,X,O,.,.,.,O,X,O,X,.,O,.,O,X,O,X,.,O,X,X,X,O,X,O,O,R2
.,.,.,X,.,.,.,.,.,.,O,X,.,.,.,.,O,X,O,.,.,.,.,X,O,X,.,O,.,O,X,O,X,.,O,X,O,X,O,X,O,O,I2
.,.,.,X,.,.,.,.,.,.,O,X,.,.,.,.,O,X,O,.,.,.,O,X,O,X,.,O,.,O,X,O,X,.,O,X,O,X,O,X,O,O,I2
.,.,.,X,.,.,.,.,.,.,O,X,.,.,.,X,O,X,O,.,.,.,O,X,O,X,.,O,.,O,X,O,X,.,O,X,O,X,O,X,O,O,I3
.,.,.,X,.,.,.,.,.,O,O,X,.,.,.,X,O,X,O,.,.,.,O,X,O,X,.,O,.,O,X,O,X,.,O,X,O,X,O,X,O,O,I6
.,.,.,X,.,.,.,.,.,O,O,X,.,.,.,X,O,X,O,.,.,.,O,X,O,X,.,O,.,O,X,O,X,X,O,X,O,X,O,X,O,O,I2
.,.,.,X,.,.,.,.,O,O,O,X,.,.,.,X,O,X,O,.,.,.,O,X,O,X,.,O,.,O,X,O,X,X,O,X,O,X,O,X,O,O,I6
.,.,.,X,.,.,.,.,O,O,O,X,.,.,.,X,O,X,O,.,.,.,O,X,O,X,X,O,.,O,X,O,X,X,O,X,O,X,O,X,O,O,R4
.,.,.,.,.,.,.,.,.,.,.,.,.,.,.,.,.,.,.,.,.,.,.,.,.,.,.,.,.,.,.,.,.,.,.,.,.,.,.,.,.,.,I7
.,.,.,.,.,.,.,.,.,.,.,.,.,.,.,.,.,.,.,.,.,.,.,.,.,.,.,.,.,.,.,.,.,.,.,.,.,.,.,.,.,O,I3
.,.,.,.,.,.,.,.,.,.,.,.,.,.,.,.,.,.,.,.,.,.,.,.,.,.,.,.,.,.,.,.,.,.,.,.,.,X,.,.,.,O,I6
.,.,.,.,.,.,.,.,.,.,.,.,.,.,.,.,.,.,.,.,.,.,.,.,.,.,.,.,.,.,.,.,.,.,.,.,.,X,.,.,O,O,I4
.,.,.,.,.,.,.,.,.,.,.,.,.,.,.,.,.,.,.,.,.,.,.,.,.,.,.,.,.,.,.,.,.,.,.,.,.,X,X,.,O,O,I1
.,.,.,.,.,.,.,.,.,.,.,.,.,.,.,.,.,.,.,.,.,.,.,.,.,.,.,.,.,.,.,.,.,.,.,O,.,X,X,.,O,O,R3
.,.,.,.,.,.,.,.,.,.,.,.,.,.,.,.,.,.,.,.,.,.,.,.,.,.,.,.,.,.,.,.,.,.,.,O,.,.,X,.,O,O,I4
.,.,.,.,.,.,.,.,.,.,.,.,.,.,.,.,.,.,.,.,.,.,.,.,.,.,.,.,.,.,.,O,.,.,.,O,.,.,X,.,O,O,I4
.,.,.,.,.,.,.,.,.,.,.,.,.,.,.,.,.,.,.,.,.,.,.,.,X,.,.,.,.,.,.,O,.,.,.,O,.,.,X,.,O,O,I6
.,.,.,.,.,.,.,.,.,.,.,.,.,.,.,.,.,.,.,.,.,.,.,.,X,.,.,.,.,.,.,O,.,O,.,O,.,.,X,.,O,O,I7
.,.,.,.,.,.,.,.,.,.,.,.,.,.,.,.,.,.,.,.,.,.,.,.,X,.,.,.,.,.,.,O,.,O,X,O,.,.,X,.,O,O,I6
.,.,.,.,.,.,.,.,.,.,.,.,.,.,.,.,.,.,.,.,.,.,.,.,X,.,O,.,.,.,.,O,.,O,X,O,.,.,X,.,O,O,I6
.,.,.,.,.,.,.,.,.,.,.,.,.,.,.,.,.,.,.,X,.,.,.,.,X,.,O,.,.,.,.,O,.,O,X,O,.,.,X,.,O,O,I3
.,.,.,.,.,.,.,.,.,.,.,.,.,.,.,.,.,.,.,X,.,.,.,.,X,.,O,.,.,.,.,O,.,O,X,O,.,O,X,.,O,O,R4
.,.,.,.,.,.,.,.,.,.,.,.,.,.,.,.,.,.,.,X,.,.,.,.,.,.,O,.,.,.,.,X,.,O,X,O,.,O,O,.,O,O,R7
.,.,.,.,.,.,.,.,.,.,.,.,.,.,.,.,.,.,.,X,.,.,.,.,.,.,O,.,.,.,.,X,.,O,.,O,.,O,O,.,O,X,I3
.,.,.,.,.,.,.,.,.,.,.,.,.,.,.,.,.,.,.,X,.,.,.,.,.,.,O,.,.,.,X,X,.,O,.,O,.,O,O,.,O,X,I6
.,.,.,.,.,.,.,.,.,.,.,.,O,.,.,.,.,.,.,X,.,.,.,.,.,.,O,.,.,.,X,X,.,O,.,O,.,O,O,.,O,X,I5
.,.,.,.,.,.,.,.,.,.,.,.,O,.,.,.,.,.,.,X,.,.,.,.,.,.,O,.,.,.,X,X,.,O,.,O,.,O,O,X,O,X,I6
.,.,.,.,.,O,.,.,.,.,.,.,O,.,.,.,.,.,.,X,.,.,.,.,.,.,O,.,.,.,X,X,.,O,.,O,.,O,O,X,O,X,I7
.,.,.,.,.,O,.,.,.,.,.,.,O,.,.,.,.,.,.,X,.,.,.,.,.,.,O,.,.,.,X,X,.,O,X,O,.,O,O,X,O,X,I7
.,.,.,.,.,O,.,.,.,.,.,.,O,.,.,.,.,.,.,X,.,.,.,.,.,.,O,O,.,.,X,X,.,O,X,O,.,O,O,X,O,X,R7
.,.,.,.,.,O,.,.,.,.,.,.,O,.,.,.,.,.,.,X,.,.,.,.,.,.,O,.,.,.,X,X,.,O,O,O,.,O,O,X,O,X,I7
.,.,.,.,.,O,.,.,.,.,.,.,O,.,.,.,.,.,.,X,.,.,.,.,.,.,O,O,.,.,X,X,.,O,O,O,.,O,O,X,O,X,I3
.,.,.,.,.,O,.,.,.,.,.,.,O,.,.,.,.,.,.,X,.,.,.,X,.,.,O,O,.,.,X,X,.,O,O,O,.,O,O,X,O,X,I4
.,.,.,.,.,O,.,.,.,.,.,.,O,.,.,.,.,.,.,X,.,.,.,X,O,.,O,O,.,.,X,X,.,O,O,O,.,O,O,X,O,X,I5
.,.,.,.,.,O,.,.,.,.,.,.,O,.,.,.,.,.,.,X,.,.,.,X,O,.,O,O,.,.,X,X,X,O,O,O,.,O,O,X,O,X,I7
.,.,.,.,.,O,.,.,.,.,.,.,O,.,.,.,.,.,.,X,O,.,.,X,O,.,O,O,.,.,X,X,X,O,O,O,.,O,O,X,O,X,I5
.,.,.,.,.,O,.,.,.,.,.,.,O,.,.,.,.,.,.,X,O,.,.,X,O,X,O,O,.,.,X,X,X,O,O,O,.,O,O,X,O,X,R3
.,.,.,.,.,.,.,.,.,.,.,.,.,.,.,.,.,.,.,.,.,.,.,.,.,.,.,.,.,.,.,.,.,.,.,.,.,.,.,.,.,.,I5
.,.,.,.,.,.,.,.,.,.,.,.,.,.,.,.,.,.,.,.,.,.,.,.,.,.,.,.,.,.,.,.,.,.,.,.,.,.,.,O,.,.,I6
.,.,.,.,.,.,.,.,.,.,.,.,.,.,.,.,.,.,.,.,.,.,.,.,.,.,.,.,.,.,.,.,.,.,.,.,.,.,.,O,X,.,I2
.,.,.,.,.,.,.,.,.,.,.,.,.,.,.,.,.,.,.,.,.,.,.,.,.,.,.,.,.,.,.,.,.,.,.,.,O,.,.,O,X,.,I2
.,.,.,.,.,.,.,.,.,.,.,.,.,.,.,.,.,.,.,.,.,.,.,.,.,.,.,.,.,X,.,.,.,.,.,.,O,.,.,O,X,.,I5
.,.,.,.,.,.,.,.,.,.,.,.,.,.,.,.,.,.,.,.,.,.,.,.,.,.,.,.,.,X,.,.,O,.,.,.,O,.,.,O,X,.,I5
.,.,.,.,.,.,.,.,.,.,.,.,.,.,.,.,.,.,.,.,.,.,.,.,.,X,.,.,.,X,.,.,O,.,.,.,O,.,.,O,X,.,R5
.,.,.,.,.,.,.,.,.,.,.,.,.,.,.,.,.,.,.,.,.,.,.,.,.,.,.,.,.,X,.,.,X,.,.,.,O,.,.,O,X,.,I3
.,.,.,.,.,.,.,.,.,.,.,.,.,.,.,.,.,.,.,.,.,.,.,.,.,.,.,.,.,X,.,.,X,.,.,.,O,X,.,O,X,.,R2
.,.,.,.,.,.,.,.,.,.,.,.,.,.,.,.,.,.,.,.,.,.,.,.,.,.,.,.,.,.,.,.,X,.,.,.,X,X,.,O,X,.,I4
.,.,.,.,.,.,.,.,.,.,.,.,.,.,.,.,.,.,.,.,.,.,.,.,.,.,.,.,.,.,.,.,X,.,.,.,X,X,X,O,X,.,R5
.,.,.,.,.,.,.,.,.,.,.,.,.,.,.,.,.,.,.,.,.,.,.,.,.,.,.,.,.,.,.,.,.,.,.,.,.,.,.,.,.,.,I5
.,.,.,.,.,.,.,.,.,.,.,.,.,.,.,.,.,.,.,.,.,.,.,.,.,.,.,.,.,.,.,.,.,.,.,.,.,.,.,O,.,.,I1
.,.,.,.,.,.,.,.,.,.,.,.,.,.,.,.,.,.,.,.,.,.,.,.,.,.,.,.,.,.,.,.,.,.,.,X,.,.,.,O,.,.,I1
.,.,.,.,.,.,.,.,.,.,.,.,.,.,.,.,.,.,.,.,.,.,.,.,.,.,.,.,O,.,.,.,.,.,.,X,.,.,.,O,.,.,I4
.,.,.,.,.,.,.,.,.,.,.,.,.,.,.,.,.,.,.,.,.,.,.,.,.,.,.,.,O,.,.,.,.,.,.,X,.,.,X,O,.,.,I4
.,.,.,.,.,.,.,.,.,.,.,.,.,.,.,.,.,.,.,.,.,.,.,.,.,.,.,.,O,.,.,O,.,.,.,X,.,.,X,O,.,.,I5
.,.,.,.,.,.,.,.,.,.,.,.,.,.,.,.,.,.,.,.,.,.,.,.,.,.,.,.,O,.,.,O,X,.,.,X,.,.,X,O,.,.,I4
.,.,.,.,.,.,.,.,.,.,.,.,.,.,.,.,.,.,.,.,.,.,.,.,O,.,.,.,O,.,.,O,X,.,.,X,.,.,X,O,.,.,R1
.,.,.,.,.,.,.,.,.,.,.,.,.,.,.,.,.,.,.,.,.,.,.,.,O,.,.,.,.,.,.,O,X,.,.,O,.,.,X,O,.,.,I5
.,.,.,.,.,.,.,.,.,.,.,.,.,.,.,.,.,.,.,.,.,.,.,.,O,O,.,.,.,.,.,O,X,.,.,O,.,.,X,O,.,.,I6
.,.,.,.,.,.,.,.,.,.,.,.,.,.,.,.,.,.,.,.,.,.,.,.,O,O,.,.,.,.,.,O,X,.,.,O,.,.,X,O,X,.,I6
.,.,.,.,.,.,.,.,.,.,.,.,.,.,.,.,.,.,.,.,.,.,.,.,O,O,.,.,.,.,.,O,X,O,.,O,.,.,X,O,X,.,I4
.,.,.,.,.,.,.,.,.,.,.,.,.,.,.,.,.,X,.,.,.,.,.,.,O,O,.,.,.,.,.,O,X,O,.,O,.,.,X,O,X,.,I7
.,.,.,.,.,.,.,.,.,.,.,.,.,.,.,.,.,X,.,.,.,.,.,.,O,O,.,.,.,.,.,O,X,O,.,O,.,.,X,O,X,O,I7
.,.,.,.,.,.,.,.,.,.,.,.,.,.,.,.,.,X,.,.,.,.,.,.,O,O,.,.,.,.,.,O,X,O,X,O,.,.,X,O,X,O,I7
.,.,.,.,.,.,.,.,.,.,.,.,.,.,.,.,.,X,.,.,.,.,.,.,O,O,.,O,.,.,.,O,X,O,X,O,.,.,X,O,X,O,I5
.,.,.,.,.,.,.,.,.,.,.,.,.,.,.,.,.,X,X,.,.,.,.,.,O,O,.,O,.,.,.,O,X,O,X,O,.,.,X,O,X,O,R7
.,.,.,.,.,.,.,.,.,.,.,.,.,.,.,.,.,X,X,.,.,.,.,.,O,O,.,.,.,.,.,O,X,O,O,O,.,.,X,O,X,X,I7
.,.,.,.,.,.,.,.,.,.,.,.,.,.,.,.,.,X,X,.,.,.,.,.,O,O,.,X,.,.,.,O,X,O,O,O,.,.,X,O,X,X,I6
.,.,.,.,.,.,.,.,.,.,.,.,.,.,.,.,.,X,X,.,.,.,.,.,O,O,O,X,.,.,.,O,X,O,O,O,.,.,X,O,X,X,R7
.,.,.,.,.,.,.,.,.,.,.,.,.,.,.,.,.,X,X,.,.,.,.,.,O,O,O,.,.,.,.,O,X,O,X,O,.,.,X,O,X,O,I2
.,.,.,.,.,.,.,.,.,.,.,.,.,.,.,.,.,X,X,.,.,.,.,.,O,O,O,.,.,.,.,O,X,O,X,O,O,.,X,O,X,O,I6
.,.,.,.,.,.,.,.,.,.,.,.,.,.,.,.,.,X,X,X,.,.,.,.,O,O,O,.,.,.,.,O,X,O,X,O,O,.,X,O,X,O,R2
.,.,.,.,.,.,.,.,.,.,.,.,.,.,.,.,.,X,X,X,.,.,.,.,O,O,O,.,.,.,.,O,X,O,X,O,.,.,X,O,X,O,I4
.,.,.,.,.,.,.,.,.,.,X,.,.,.,.,.,.,X,X,X,.,.,.,.,O,O,O,.,.,.,.,O,X,O,X,O,.,.,X,O,X,O,I5
.,.,.,.,.,.,.,.,.,.,X,O,.,.,.,.,.,X,X,X,.,.,.,.,O,O,O,.,.,.,.,O,X,O,X,O,.,.,X,O,X,O,I7
.,.,.,.,.,.,.,.,.,.,X,O,.,.,.,.,.,X,X,X,.,.,.,.,O,O,O,X,.,.,.,O,X,O,X,O,.,.,X,O,X,O,I7
.,.,.,.,.,.,.,.,.,.,X,O,.,.,.,.,.,X,X,X,O,.,.,.,O,O,O,X,.,.,.,O,X,O,X,O,.,.,X,O,X,O,I3
.,.,.,.,.,.,.,.,.,.,X,O,.,.,.,.,.,X,X,X,O,.,.,.,O,O,O,X,.,.,.,O,X,O,X,O,.,X,X,O,X,O,R5
.,.,.,.,.,.,.,.,.,.,.,.,.,.,.,.,.,.,.,.,.,.,.,.,.,.,.,.,.,.,.,.,.,.,.,.,.,.,.,.,.,.,I3
.,.,.,.,.,.,.,.,.,.,.,.,.,.,.,.,.,.,.,.,.,.,.,.,.,.,.,.,.,.,.,.,.,.,.,.,.,O,.,.,.,.,I5
.,.,.,.,.,.,.,.,.,.,.,.,.,.,.,.,.,.,.,.,.,.,.,.,.,.,.,.,.,.,.,.,.,.,.,.,.,O,.,X,.,.,I4
.,.,.,.,.,.,.,.,.,.,.,.,.,.,.,.,.,.,.,.,.,.,.,.,.,.,.,.,.,.,.,.,.,.,.,.,.,O,O,X,.,.,I3
.,.,.,.,.,.,.,.,.,.,.,.,.,.,.,.,.,.,.,.,.,.,.,.,.,.,.,.,.,.,X,.,.,.,.,.,.,O,O,X,.,.,I2
.,.,.,.,.,.,.,.,.,.,.,.,.,.,.,.,.,.,.,.,.,.,.,.,.,.,.,.,.,.,X,.,.,.,.,.,O,O,O,X,.,.,I1
.,.,.,.,.,.,.,.,.,.,.,.,.,.,.,.,.,.,.,.,.,.,.,.,.,.,.,.,.,.,X,.,.,.,.,X,O,O,O,X,.,.,I1
.,.,.,.,.,.,.,.,.,.,.,.,.,.,.,.,.,.,.,.,.,.,.,.,.,.,.,.,O,.,X,.,.,.,.,X,O,O,O,X,.,.,R1
.,.,.,.,.,.,.,.,.,.,.,.,.,.,.,.,.,.,.,.,.,.,.,.,.,.,.,.,.,.,.,.,.,.,.,.,.,.,.,.,.,.,I5
.,.,.,.,.,.,.,.,.,.,.,.,.,.,.,.,.,.,.,.,.,.,.,.,.,.,.,.,.,.,.,.,.,.,.,.,.,.,.,O,.,.,I5
.,.,.,.,.,.,.,.,.,.,.,.,.,.,.,.,.,.,.,.,.,.,.,.,.,.,.,.,.,.,.,.,X,.,.,.,.,.,.,O,.,.,I5
.,.,.,.,.,.,.,.,.,.,.,.,.,.,.,.,.,.,.,.,.,.,.,.,.,O,.,.,.,.,.,.,X,.,.,.,.,.,.,O,.,.,I6
.,.,.,.,.,.,.,.,.,.,.,.,.,.,.,.,.,.,.,.,.,.,.,.,.,O,.,.,.,.,.,.,X,.,.,.,.,.,.,O,X,.,I5
.,.,.,.,.,.,.,.,.,.,.,.,.,.,.,.,.,.,O,.,.,.,.,.,.,O,.,.,.,.,.,.,X,.,.,.,.,.,.,O,X,.,I7
.,.,.,.,.,.,.,.,.,.,.,.,.,.,.,.,.,.,O,.,.,.,.,.,.,O,.,.,.,.,.,.,X,.,.,.,.,.,.,O,X,X,I5
.,.,.,.,.,.,.,.,.,.,.,O,.,.,.,.,.,.,O,.,.,.,.,.,.,O,.,.,.,.,.,.,X,.,.,.,.,.,.,O,X,X,I5
.,.,.,.,X,.,.,.,.,.,.,O,.,.,.,.,.,.,O,.,.,.,.,.,.,O,.,.,.,.,.,.,X,.,.,.,.,.,.,O,X,X,I6
.,.,.,.,X,.,.,.,.,.,.,O,.,.,.,.,.,.,O,.,.,.,.,.,.,O,.,.,.,.,.,.,X,O,.,.,.,.,.,O,X,X,I4
.,.,.,.,X,.,.,.,.,.,.,O,.,.,.,.,.,.,O,.,.,.,.,.,.,O,.,.,.,.,.,.,X,O,.,.,.,.,X,O,X,X,R5
.,.,.,.,.,.,.,.,.,.,.,.,.,.,.,.,.,.,.,.,.,.,.,.,.,.,.,.,.,.,.,.,.,.,.,.,.,.,.,.,.,.,I6
.,.,.,.,.,.,.,.,.,.,.,.,.,.,.,.,.,.,.,.,.,.,.,.,.,.,.,.,.,.,.,.,.,.,.,.,.,.,.,.,O,.,I4
.,.,.,.,.,.,.,.,.,.,.,.,.,.,.,.,.,.,.,.,.,.,.,.,.,.,.,.,.,.,.,.,.,.,.,.,.,.,X,.,O,.,I4
.,.,.,.,.,.,.,.,.,.,.,.,.,.,.,.,.,.,.,.,.,.,.,.,.,.,.,.,.,.,.,O,.,.,.,.,.,.,X,.,O,.,I5
.,.,.,.,.,.,.,.,.,.,.,.,.,.,.,.,.,.,.,.,.,.,.,.,.,.,.,.,.,.,.,O,.,.,.,.,.,.,X,X,O,.,I6
.,.,.,.,.,.,.,.,.,.,.,.,.,.,.,.,.,.,.,.,.,.,.,.,.,.,.,.,.,.,.,O,.,O,.,.,.,.,X,X,O,.,I3
.,.,.,.,.,.,.,.,.,.,.,.,.,.,.,.,.,.,.,.,.,.,.,.,.,.,.,.,.,.,.,O,.,O,.,.,.,X,X,X,O,.,I5
.,.,.,.,.,.,.,.,.,.,.,.,.,.,.,.,.,.,.,.,.,.,.,.,.,.,.,.,.,.,.,O,O,O,.,.,.,X,X,X,O,.,I6
.,.,.,.,.,.,.,.,.,.,.,.,.,.,.,.,.,.,.,.,.,.,.,.,.,.,X,.,.,.,.,O,O,O,.,.,.,X,X,X,O,.,I5
.,.,.,.,.,.,.,.,.,.,.,.,.,.,.,.,.,.,.,.,.,.,.,.,.,O,X,.,.,.,.,O,O,O,.,.,.,X,X,X,O,.,I3
.,.,.,.,.,.,.,.,.,.,.,.,.,.,.,.,.,.,.,.,.,.,.,.,.,O,X,.,.,.,X,O,O,O,.,.,.,X,X,X,O,.,I5
.,.,.,.,.,.,.,.,.,.,.,.,.,.,.,.,.,.,O,.,.,.,.,.,.,O,X,.,.,.,X,O,O,O,.,.,.,X,X,X,O,.,I5
.,.,.,.,.,.,.,.,.,.,.,X,.,.,.,.,.,.,O,.,.,.,.,.,.,O,X,.,.,.,X,O,O,O,.,.,.,X,X,X,O,.,I3
.,.,.,.,.,.,.,.,.,.,.,X,.,.,.,.,.,.,O,.,.,.,.,O,.,O,X,.,.,.,X,O,O,O,.,.,.,X,X,X,O,.,R3
